Text,Label,Sentiment score,Sentiment magnitude
i love you will you marry me dare again ,1,0.8999999761581421,0.8999999761581421
what djs are actually doing vid Ã¢ÂÂ ,1,0,0
four turnovers spoil leviÃ¢ÂÂsÃ¢Â® stadium debut via san francisco 49ers  news   ,1,-0.10000000149011612,0.10000000149011612
finna get back on my writing game Ã°ÂÂÂ¯ ,1,-0.10000000149011612,0.10000000149011612
had to lol,1,0,0
so come with me well go and see the big rock candy mountain!,1,0.8999999761581421,0.8999999761581421
rt  i am with you always  matthew 2820,1,0.5,0.5
rt  im not the type to be serious on twitter but this hit me ,1,0,0
rt  pikachu got the lean ,1,0.10000000149011612,0.10000000149011612
i posted a new photo to facebook ,1,-0.10000000149011612,0.10000000149011612
heyy heyyy heyyyy!!,1,0.4000000059604645,0.4000000059604645
hajjpilgrimagea spiritual unforgettable journey to makkah! harken to it before its too late!   ,1,0.5,1.100000023841858
when was this,1,-0.10000000149011612,0.10000000149011612
rules are for slaves Ã°ÂÂÂ,1,-0.30000001192092896,0.30000001192092896
thats human nature,1,0.4000000059604645,0.4000000059604645
rt  sometimes i shoot pictures of things out of the water     website 70 up ,1,-0.10000000149011612,0.10000000149011612
read this   spoiling modern plays   ,1,-0.699999988079071,0.699999988079071
thabk you,1,0.10000000149011612,0.10000000149011612
i cant believe mickey mouse had sex with shadow the hedgehog,1,-0.5,0.5
0808 mon lit,1,0,0
rt    monday humans tuesday fairies,1,0.10000000149011612,0.10000000149011612
Ã¢ÂÂbut youÃ¢ÂÂve slipped under my skin invaded my blood and seized my heartÃ¢ÂÂ Ã°ÂÂÂ¸Ã¢ÂÂ¨Ã°ÂÂÂ i love you mind following meÃ¢ÂÂ¨  x295,1,0.10000000149011612,0.10000000149011612
rt  how everyone felt when tennant left at the end of the 50th anniversary  ,1,0.10000000149011612,0.10000000149011612
rt  liam said fireproof is our fandoms song we have picked the right idols  one direction ,1,0.5,0.5
Ã°ÂÂÂ©Ã°ÂÂÂ«Ã°ÂÂÂÃ°ÂÂÂÃ°ÂÂÂ stalk  bc shes doing some follow tricks 25,1,0,0
rt  crazy rumors hahaha thats just crazy ,1,0.5,0.5
rt   seeking ways to steal more  wants billions of euros to revive economy ,1,-0.800000011920929,0.800000011920929
big difference between having belongings checked at a voluntary event and indiscriminate spying ,1,-0.6000000238418579,0.6000000238418579
rt  rule  never be ,1,-0.6000000238418579,0.6000000238418579
heres my 1st official vimeo for  Ã¢ÂÂ¥   Ã¢ÂÂ¥  you guys definitely gonna like it ,1,0.8999999761581421,0.8999999761581421
rt  i met michael Ã°ÂÂÂ ,1,0.20000000298023224,0.20000000298023224
rt  Ã°ÂÂÂÃ°ÂÂÂÃ°ÂÂÂÃ¢ÂÂ you will show me the path of life ps 1611 ,1,0.5,0.5
just posted a photo ,1,0,0
study blowing engine mailorder selling task toward specialty esteem maturing uhkefe,1,0.10000000149011612,0.10000000149011612
rt  i really wish my eyes could take photos,1,-0.30000001192092896,0.30000001192092896
peace love shea ,1,0.699999988079071,0.699999988079071
lmaoooo i saw that daddy tagÃ°ÂÂÂÃ°ÂÂÂÃ°ÂÂÂ,1,0,0
happy birthday  Ã°ÂÂÂÃ¢ÂÂºÃ¯Â¸Â,1,0.8999999761581421,0.8999999761581421
what shoes you talkin about,1,0,0
hihi its good i met new friend  take note chanyeol biased too,1,0.800000011920929,0.800000011920929
ive collected 16487 gold coins!    ,1,0.4000000059604645,0.4000000059604645
rt  look at his beautiful brown eyes Ã°ÂÂÂ ,1,0.6000000238418579,0.6000000238418579
quote with a sexy selfie and whoever favs it follow them ,1,0.800000011920929,0.800000011920929
rt  i like this photo of us  ,1,0.8999999761581421,0.8999999761581421
former igp urges northern leaders to save nigeria from insurgency a former inspectorgeneral of poli  ,1,0,0
and with that being said goodnight     ,1,-0.10000000149011612,0.10000000149011612
uhmm uhmm lets plan it for next next week  this friday is my bday doooe !!!!!!!Ã°ÂÂÂÃ°ÂÂÂ,1,0.699999988079071,0.699999988079071
ass c r ,0,-0.699999988079071,0.699999988079071
rt  relationship status ,1,0.10000000149011612,0.10000000149011612
if i believe i can achieve,1,0.4000000059604645,0.4000000059604645
rt   only offer their generosity when it is appreciated and returned reject it once they will never offer agaÃ¢ÂÂ¦,1,-0.699999988079071,0.699999988079071
rt  what i need most in life is my license,1,0.6000000238418579,0.6000000238418579
rt   well done lads Ã°ÂÂÂÃ°ÂÂÂÃ°ÂÂÂ,1,0.800000011920929,0.800000011920929
makes watching the real housewives of new jersey more rewarding iÃ¢ÂÂm earning great rewar  ,1,0.8999999761581421,0.8999999761581421
boa and her father charged with illegal development on Ã¢ÂÂgreen beltÃ¢ÂÂ land ,1,-0.30000001192092896,0.30000001192092896
rt  dont dwell in the past because youve already been there just focus on the future since that is where youre headinÃ¢ÂÂ¦,1,-0.4000000059604645,0.4000000059604645
yep actually should have! next time girl! im glad yous had an amazing day though Ã°ÂÂÂ­Ã°ÂÂÂ©,1,0.5,1.7000000476837158
rt  i need a hedgehog right now omg Ã°ÂÂÂÃ°ÂÂÂ± ,1,0.10000000149011612,0.10000000149011612
haha you weirdo go to sleep,1,-0.30000001192092896,0.30000001192092896
youre welcome ,1,0.699999988079071,0.699999988079071
im earning  rewards in cut da deck android ,1,0.800000011920929,0.800000011920929
i just entered to  amp you can too oneplus one 64gb black enter the  here ,1,0,0
why pay more quality amp dependable   fast delivery! buy now! star wars decals  ,1,0.6000000238418579,2
life was not made to be simple it was made to make you stronger with the challenges you face,1,0.20000000298023224,0.20000000298023224
rt  the boys singing i want last night ,1,0.10000000149011612,0.10000000149011612
baes so talented Ã¢ÂÂ by  ,1,0.8999999761581421,0.8999999761581421
so kiss me and smile for me Ã°ÂÂÂÃ°ÂÂÂ ,1,0.8999999761581421,0.8999999761581421
rt  i never rt these things but i found these spiders in my room in the past few days so ,1,-0.20000000298023224,0.20000000298023224
rt  exam freestyle ,1,0.20000000298023224,0.20000000298023224
rt  australia draught is proudly pouring on the north shore today! so get down there and try a refreshing beer! ,1,0.699999988079071,1.5
ive harvested 1250 of food!    ,1,0.4000000059604645,0.4000000059604645
morning  me,1,0,0
rt  cleared roadwork on i676 westbound at i76 eastschuylkill expy,1,0,0
rt  fantalk!! lets go crazy!!!  ,1,0.5,1
phones 4u collapses into administration as ee is final operator to hang up | via   ,1,-0.4000000059604645,0.4000000059604645
sometimes you figure out that just starting over is what you needed,1,0.20000000298023224,0.20000000298023224
# miracle of love  via ,1,0.6000000238418579,0.6000000238418579
rt  dude called me a nigga yesterday so i smoked himÃ°ÂÂÂÃ°ÂÂÂ ,0,-0.10000000149011612,0.10000000149011612
rt  its time to stop treating mental health as a secondary issue amp start giving it the focus it needs rt if you agree ,1,-0.4000000059604645,0.4000000059604645
do u want me to dm u ,1,-0.699999988079071,0.699999988079071
rt  gd and daesung epik high  dara and park bom check in already,1,0.6000000238418579,0.6000000238418579
rt  happy bday rachet have a good oneÃ°ÂÂÂÃ°ÂÂÂ ,1,0.800000011920929,0.800000011920929
apple empandas cinnabon delights Ã°ÂÂÂ my fav  cinnamon twist Ã°ÂÂÂ³ i can hook it up w a freeze from there too Ã°ÂÂÂ,1,0.8999999761581421,0.8999999761581421
rt  tts holler album track  is bacon amp eyebrows and its a duet of taeyeon and tiffany bacon = baekhyun eyebrows = nickhuÃ¢ÂÂ¦,1,0.30000001192092896,0.30000001192092896
7 twisted short stories in  a great deal at   ,1,0.8999999761581421,0.8999999761581421
Ã°ÂÂÂÃ°ÂÂÂ·  Ã°ÂÂÂ·Ã°ÂÂÂ hello nialler! Ã°ÂÂÂÃ°ÂÂÂ how are you! hope youre doing well! Ã°ÂÂÂ will you please follow me! you mean the Ã°ÂÂÂ to me x37,1,0.4000000059604645,3.299999952316284
he is life! ,1,0.8999999761581421,0.8999999761581421
happy birthday to you happy birthday to youd happy birthday butsy love you buddy love youuuu ,1,0.8999999761581421,0.8999999761581421
god so do i!,1,0.699999988079071,0.699999988079071
doughnuts sound good,1,0.6000000238418579,0.6000000238418579
rt  congratulations to the sweetest and hottest  athlete and the top fundraiser for  iÃ¢ÂÂ¤Ã¯Â¸Âyou! hÃ¢ÂÂ¦,1,0.699999988079071,1.399999976158142
that would be so cool! one day well meet amp it will be fabulous ,1,0.8999999761581421,0.8999999761581421
i love my wittle doggies! theres so fun to have around Ã¢ÂÂºÃ¯Â¸Â,1,0.8999999761581421,1.899999976158142
rt  video games have been proven to be a more effective method of overcoming depression in teens than counseling,1,0.699999988079071,0.699999988079071
i waas sleep Ã°ÂÂÂ,1,0,0
news video does driving make you worse at work  ,1,-0.800000011920929,0.800000011920929
rt  someone gave me a hedgehog hat for max at my meet n greet aw look ,1,0.30000001192092896,0.30000001192092896
rt   kathy who,1,-0.10000000149011612,0.10000000149011612
rt  hey im just trying to make some coffee,1,0,0
applause kudos to scott heath river city food bank suzanne miyamoto 50 inmates scott heath a  ,1,0.800000011920929,0.800000011920929
home ownership exclusive club ,1,0.4000000059604645,0.4000000059604645
question does your period cease under water ,1,-0.10000000149011612,0.10000000149011612
wyg on my mobile i just found the wyg app! its a great and awesome appyou can download it from stores ,1,0.6000000238418579,1.2000000476837158
okay that last tweet was pretty mean but i dont take it back lol,1,-0.20000000298023224,0.20000000298023224
bc youre super awesomeÃ°ÂÂÂ,1,0.4000000059604645,0.4000000059604645
in general lmao but if the shoe fits Ã°ÂÂÂ­,1,0,0
rt  Ã¢ÂÂdo what you feel in your heart to be right Ã¢ÂÂ for youÃ¢ÂÂll be criticized anywayÃ¢ÂÂÃ¢ÂÂeleanor roosevelt,1,0,0
the trent another boat mishap 4 dead 1 missing in lagos ,1,-0.4000000059604645,0.4000000059604645
challenge accepted @ sycamore den ,1,0.30000001192092896,0.30000001192092896
moreph,1,0.30000001192092896,0.30000001192092896
rt   Ã¢ÂÂi understand the concerns over the idol cast of Ã¢ÂÂmy lovely girlÃ¢ÂÂÃ¢ÂÂ  ,1,0.4000000059604645,0.4000000059604645
rt  g8 report maps impact investingÃ¢ÂÂs first trillion ,1,0,0
closed sell 17 lots eurusd 129456 for 32 pips total for today +1147 pips   ,1,-0.30000001192092896,0.30000001192092896
rt  140915 mato castle theyre picking a fan each from the audience each to play the gesture game with,1,0.4000000059604645,0.4000000059604645
you might talk up a storm today but your chattiness could jus more for gemini ,1,-0.10000000149011612,0.10000000149011612
haha true that,1,0.699999988079071,0.699999988079071
i love you jerbengggg ! gt Ã¢ÂÂ¥ Ã¢ÂÂºÃ¢ÂÂº,1,0.5,1.100000023841858
small businesses  donÃ¢ÂÂt let clients avoid payments insist you receive payment for past orders before letting them have further services,1,-0.699999988079071,0.699999988079071
rt   according to rivals a win against qpr counts as just 1 point its good to know its their same number of iqÃ¢ÂÂ¦,1,0.10000000149011612,0.10000000149011612
rt  silver amp red dragonscale bracelet by arosejewellery  via    ,1,0,0
rt  got to chat wone of the best about monitoring a crisis via social amp other  nuggets w  ,1,0.6000000238418579,0.6000000238418579
i want a relationship where we talk like best friends play like kids argue like husband and wife and protect each other like siblings,1,0,0
2006w proof silver american eagle wall ogp    ,1,0.30000001192092896,0.30000001192092896
rt  sobrang dikit dapat  joshane bracelet one of a kind stronger joshane dearest joshuaandjane,1,0.800000011920929,0.800000011920929
save $813  stealing christmas $186   ,1,-0.30000001192092896,0.30000001192092896
i have no idea,1,-0.4000000059604645,0.4000000059604645
rt  thankyous everyone let the celebrations continue!! ,1,0.800000011920929,0.800000011920929
small businesses seek alternative lenders some of whom use facebook as criteria  ,1,-0.20000000298023224,0.20000000298023224
rt  we wish all the fellas out there a happy engineers day if you rest the world will rust  ,1,0.4000000059604645,0.4000000059604645
man im ready to go! im sleepy asf,1,0.30000001192092896,1.2000000476837158
which ppv would you pick for someone who has never watch wrestling before im trying to get her into watching it with me,1,-0.6000000238418579,0.6000000238418579
rt  im not good enough for anyone,1,-0.800000011920929,0.800000011920929
rt  wonder if these guys are scheming to change the world ht    ,1,-0.5,0.5
rt  by making you feel that you need more stuff to stuff the growing consumerist hole in your heart,1,0.4000000059604645,0.4000000059604645
check la,1,0,0
kate!!!! can we be sisterslt3 love yoult3,1,0.4000000059604645,0.8999999761581421
one person followed me in the last day thanks to  app,1,0.20000000298023224,0.20000000298023224
rt    chinese city gives smartphone users their own sidewalk lane,1,0,0
Ã¢ÂÂ¢beauty is but skin deep,1,0.30000001192092896,0.30000001192092896
waiting for the nsa to take down this stream ,1,0,0
rt  debate continues nduka ugbade kelechi iheanacho is still too young for eagles  he should be a regular now cÃ¢ÂÂ¦,1,-0.30000001192092896,0.30000001192092896
rt  tell your friends that you choose clean water let thunderclap send a message ,1,0,0
amy winehouse will you still love me tomorrow lyrics  via ,1,0.8999999761581421,0.8999999761581421
would totally go back into that dream though that shit was thrilling i shot the sniper in the face with my last bullet lol,1,0.4000000059604645,0.4000000059604645
rt  sad weekdays sad weekends try to be optimistic but realistic know we should win lose yet again ,1,-0.4000000059604645,0.4000000059604645
welcome laskar!,1,0.800000011920929,0.800000011920929
hahaha! Ã°ÂÂÂÃ°ÂÂÂÃ°ÂÂÂÃ°ÂÂÂÃ°ÂÂÂ! thats hilarious but so true!! good one!!,1,0.800000011920929,3.200000047683716
rt  i say bye bye to tablo  dara bommie and daesung all of them respond back tt especially dara waved back gd was runningÃ¢ÂÂ¦,1,0,0
excited to be part of the meridian realty group      ,1,0.8999999761581421,0.8999999761581421
landaid  the property industry charity making a real and lasting impact on disadvantaged young lives ,1,0.6000000238418579,0.6000000238418579
just about to post up a video!! Ã°ÂÂÂ,1,0,0.30000001192092896
ive collected 13625 gold coins!    ,1,0.4000000059604645,0.4000000059604645
with the wild wolves around you in the morning ill call you,1,-0.20000000298023224,0.20000000298023224
3 people followed me and 2 people unfollowed me in the last day thank you  app,1,0.20000000298023224,0.20000000298023224
all the sex on the beach,1,-0.30000001192092896,0.30000001192092896
live cam porn california exotics nipple clamps silver beaded   ,1,0,0
i lost 1 follower recently and i know who that is thanks to  app,1,0.10000000149011612,0.10000000149011612
context joan burton was talking about her party colleague willie penrose who was criticial of thinkins,1,-0.20000000298023224,0.20000000298023224
rt  preview 140915 bap mato castle fan event 1st gala party    crpinkung9023 ,1,0.10000000149011612,0.10000000149011612
rt  just let this sink in ,1,-0.30000001192092896,0.30000001192092896
right mfs aint crazy,1,-0.30000001192092896,0.30000001192092896
appreciate what you have before it turns into what you had,1,0.800000011920929,0.800000011920929
cant see pardew lasting now steve bruce doing well at hull but might fancy dream job wba fans want irvine out already too,1,0,0
as for how you treat your customers its already clear you need to work on the skill of empathy ,1,-0.5,0.5
cute rooms   ,1,0.800000011920929,0.800000011920929
slobbing Ã®ÂÂÃ®ÂÂÃ®ÂÂÃ®ÂÂÃ®ÂÂÃ®ÂÂÃ®ÂÂÃ®ÂÂ rt  Ã¢ÂÂ Ã¢ÂÂ Ã°ÂÂÂÃ°ÂÂÂÃ°ÂÂÂ­Ã°ÂÂÂ­Ã°ÂÂÂ­Ã°ÂÂÂÃ°ÂÂÂ­Ã°ÂÂÂ­Ã°ÂÂÂÃ°ÂÂÂ­Ã°ÂÂÂ­Ã°ÂÂÂ­Ã°ÂÂÂÃ°ÂÂÂ­Ã°ÂÂÂ­Ã°ÂÂÂ­Ã°ÂÂÂÃ°ÂÂÂ­ ,1,0.10000000149011612,0.10000000149011612
fire sundayys lit!!! @ the buzz nightclub ,1,0.5,1.100000023841858
thanks amyÃ°ÂÂÂÃ°ÂÂÂ,1,0.800000011920929,0.800000011920929
all i really want in life is to be pretty and to have michael clifford,1,0.6000000238418579,0.6000000238418579
last business sac completedÃ¢ÂÂÃ¢ÂÂÃ¯Â¸ÂÃ°ÂÂÂ°Ã°ÂÂÂ°Ã°ÂÂÂ°,1,-0.20000000298023224,0.20000000298023224
Ã°ÂÂÂ¸Ã°ÂÂÂ½Ã°ÂÂÂ¸Ã°ÂÂÂ½Ã°ÂÂÂ¸Ã°ÂÂÂ½Ã°ÂÂÂ¸Ã°ÂÂÂ½Ã°ÂÂÂ¸ michael clifford from 5sos  please follow me sunshine i love you so much Ã°ÂÂÂ Ã°ÂÂÂ¸Ã°ÂÂÂ½Ã°ÂÂÂ¸Ã°ÂÂÂ½Ã°ÂÂÂ¸Ã°ÂÂÂ½Ã°ÂÂÂ¸Ã°ÂÂÂ½Ã°ÂÂÂ¸ 21187,1,0.800000011920929,0.800000011920929
dominic lawson high street gangs pose far more of a threat than the ,1,-0.6000000238418579,0.6000000238418579
thanks xxxx,1,0.800000011920929,0.800000011920929
rt  david cameron is pm for less than 5yrs yet he faced a spectrum of challenges every day weach challenge he proved hes solÃ¢ÂÂ¦,1,0.20000000298023224,0.20000000298023224
this time last year i was in the vatican Ã°ÂÂÂ¢  ,1,0,0
its a blueprint from the preparation phase amp flowers as a postconference trace,1,0,0
if everybody is thinking alike then somebody isnt thinking  gen george s patton ,1,-0.6000000238418579,0.6000000238418579
rockin my mums 30+ yearold jeans lol they fit!!!    jose2352 ,1,0.6000000238418579,1.2999999523162842
rt   big news you can download  today here  ,1,0.699999988079071,0.699999988079071
them fire too but subway go cray,1,0.10000000149011612,0.10000000149011612
untitled ,1,0.30000001192092896,0.30000001192092896
the winner of our  satchel is  congratulations! please dm name amp address thanks for taking part,1,0.5,1.100000023841858
michael clifford fromÃ°ÂÂÂ  i know you get this alot but can you be my 24Ã°ÂÂÂ i love u guys 5 seconds of summerÃ°ÂÂÂ  x965,1,0.800000011920929,0.800000011920929
Ã¢ÂÂ  cos you boutta cry Ã°ÂÂÂÃ°ÂÂÂ­Ã°ÂÂÂÃ°ÂÂÂÃ¢ÂÂomg i miss those shoes das whyÃ°ÂÂÂ­ no lie dont cry cat,1,0.20000000298023224,0.20000000298023224
is it  already Ã°ÂÂÂ«,1,0,0
is our resident decompiler,1,0,0
yesorno need holiday ,1,-0.10000000149011612,0.10000000149011612
neymar jrs eyes official  youtube   ,1,0.10000000149011612,0.10000000149011612
really want to get everything back on the right track by the time i graduate thats probably my goal for 2015 ,1,0.10000000149011612,0.10000000149011612
title fly me to the moon artistfrank sinatra ,1,0,0
android one smartphones to be priced at around rs 6399 in india google mulls expans  ,1,-0.20000000298023224,0.20000000298023224
lucky you what day is it victoria,1,0.6000000238418579,0.6000000238418579
i love you do you love me,1,0.8999999761581421,0.8999999761581421
pordalab     tweet retweet qoute !!!,1,0,0
rt  my roots arent fucking funny anymore you know youve left them too long when your hairs beginning to look ombrÃ£Â©,1,-0.800000011920929,0.800000011920929
rt  140915 nichkhun mirage event 1 ,1,0,0
if only we could lay our weary heads on certain shoulders  ,1,-0.10000000149011612,0.10000000149011612
love me x,1,0.8999999761581421,0.8999999761581421
ahh its in 720p now!! it was 360p when i downloaded ,1,-0.20000000298023224,0.6000000238418579
dont see bigticket move by infosys for a year centrum in an interview to cnbctv18 ravi menon it analy ,1,-0.6000000238418579,0.6000000238418579
rt  hello! can u help rt to vote sj on mnet japan thanks   Ã¢ÂÂ elf help! ,1,0.4000000059604645,0.8999999761581421
scottish referendum what is the united kingdom ,1,0,0
my top 2 biggest fears in 1 day what a time to be alive ,1,0,0
one person followed me and 2 people unfollowed me in the last day thank you  app,1,-0.10000000149011612,0.10000000149011612
i lÃ¢ÂÂ¤ve you 2lol,1,0.4000000059604645,0.4000000059604645
im first hehe,1,0.699999988079071,0.699999988079071
rt   tendulkar explains why it was important to get kallis out before he observed the grass on the pitch ,1,0.20000000298023224,0.20000000298023224
rt  limmy do you dare to believe that we could run this small country of ours amp care for its people more than westminster canÃ¢ÂÂ¦,1,0.20000000298023224,0.20000000298023224
im searchin for da words to make you realizethat i really really want you to stay Ã°ÂÂÂ­Ã°ÂÂÂ,1,0.6000000238418579,0.6000000238418579
rt  eraserhead 1977 director of photography herbert cardwell and frederick elmes | director david lynch ,1,0,0
hi there amp welcome to   the  facebook page is probably the one to follow here it is ,1,0.10000000149011612,0.10000000149011612
daily morning encouragement to start our days of right after prayer Ã°ÂÂÂÃ°ÂÂÂ,1,0.800000011920929,0.800000011920929
rt  when you hear what scientists are planning for stephen hawking your mind will be blown gt  ,1,0.20000000298023224,0.20000000298023224
fancy it next year then god that burger does look good another one today methinks!,1,0.699999988079071,0.699999988079071
rt  chi bears on the march in sf tonight  checking flight times out of there and  squashing his tone! ,1,-0.4000000059604645,0.4000000059604645
those movies are great!,1,0.8999999761581421,0.8999999761581421
russian pm medvedev says western sanctions are testing countrys strength moscow reuters  russias strengt ,1,-0.10000000149011612,0.10000000149011612
what the hell! Ã¢ÂÂ worst designed garment of clothing in the history of the human race ,1,-0.800000011920929,1.7000000476837158
rt  crash burn roast the marshmallows  honest reflection of the life cycle of projects in my ,1,-0.30000001192092896,0.30000001192092896
Ã°ÂÂÂÃ¢ÂÂÃ¯Â¸ÂÃ¢ÂÂÃ¯Â¸ÂÃ°ÂÂÂ³Ã°ÂÂÂ¦  michael clifford from 5sos  please follow me your hair will grow back if you do !! Ã°ÂÂÂÃ¢ÂÂÃ¯Â¸ÂÃ¢ÂÂÃ¯Â¸ÂÃ°ÂÂÂ³Ã°ÂÂÂ¦11852,1,0.4000000059604645,0.8999999761581421
4 people followed me and 3 people unfollowed me  automatically checked by ,1,-0.5,0.5
santino marellas battlearts academy celebrates anniversary the next wwe nxt tv tapings ,1,0.4000000059604645,0.4000000059604645
plz visit our store for fabulous wedding gifts  ,1,0.800000011920929,0.800000011920929
i feel that feeling all the time,1,0.4000000059604645,0.4000000059604645
a big age difference but you see beauty runs in the family!,1,0.8999999761581421,0.8999999761581421
love how strong you are in your faith god is the only one who can fill that void in your Ã¢ÂÂ¤Ã¯Â¸Â read the book jesus is! ,1,0.8999999761581421,0.8999999761581421
hahahah madness is now what ,1,0.30000001192092896,0.30000001192092896
rt  i have similar lock screen backgound with my lovely melmel hehe xd preshus shotas are preshus hngg Ã¢ÂÂ¤Ã¯Â¸Â  ,1,0.6000000238418579,0.6000000238418579
means your finger is gonna become a kher,1,-0.5,0.5
ok sure lol,1,0.5,0.5
youre a princess and you deserve to be treated like one,1,0.699999988079071,0.699999988079071
rt  done class,1,0.4000000059604645,0.4000000059604645
link removed ,1,-0.4000000059604645,0.4000000059604645
if you keep it real with me ill keep it real with you,1,-0.5,0.5
but when cited incorrectly its the same old bovine byproduct,1,-0.6000000238418579,0.6000000238418579
rt   ideal guy ni jane family orientedsweet protective may sense of humor thoughtful maalaga c wawa yanÃ°ÂÂÂ stÃ¢ÂÂ¦,1,0.6000000238418579,0.6000000238418579
rt     right now,1,0.10000000149011612,0.10000000149011612
times of crisis companies merge and consolidate nations split up  ,1,-0.699999988079071,0.699999988079071
07m at 97km 179km ene from kistufell 64850n 16866w  ,1,0,0
the 5th drytoilet conference will be held in tampere finland on 17th to 22nd of august 2015 join the event ,1,0,0
mohammed nod for atlantic resort dubai waterfront zaabeel one ,1,0.20000000298023224,0.20000000298023224
still cant believe i got to meet and hang out with you! safe travel home tomorrow  ,1,0.699999988079071,1.5
holay shitballs its monday and its beautifulÃ³Â¾ÂÂ¯Ã³Â¾ÂÂ¯Ã³Â¾ÂÂ¯Ã³Â¾Â®ÂÃ³Â¾Â®ÂÃ³Â¾Â®ÂÃ¢ÂÂ¤Ã¯Â¸ÂÃ¢ÂÂ¤Ã¯Â¸ÂÃ¢ÂÂ¤Ã¯Â¸Â Ã¢ÂÂ feeling happy,1,0.8999999761581421,0.8999999761581421
allison young i met scorch  ,1,0.4000000059604645,0.4000000059604645
rt     silver buddha by larisjewelrydesigns  via   ,1,0,0
rt  zarkandar skips ces date zarkandar a leading contender for next months betfred cesarewitch will bypass the newm httÃ¢ÂÂ¦,1,0,0
why bebi,1,-0.6000000238418579,0.6000000238418579
this is old english  you might hear this language in bbcs merlin or lotr since tolkien is an expert in it,1,0,0
gazegill rare breed 100 grass fed steak selection hamper  via ,1,0.10000000149011612,0.10000000149011612
the ghost stories told at the gather are all centering in my memory haunting me as the hair on my back rise,1,-0.5,0.5
i thought this was a photoshop but its the weirdest ship ive ever seen   ,1,-0.30000001192092896,0.30000001192092896
one person unfollowed me  automatically checked by ,1,-0.5,0.5
rt  this portable xbox one gaming laptop can be yours for just $1500  ,1,-0.10000000149011612,0.10000000149011612
and thats a wrap! congratulations nathan and stephy!!!       ,1,0.5,0.5
rt  we need to apply nicky hagers framework when we analyse the govt response tomorrow  ,1,-0.30000001192092896,0.30000001192092896
rt   good  infoÃ¢ÂÂ 5 best   tools    ,1,0.800000011920929,0.800000011920929
the profit goldeneye forex indicator with numerous built in algorithms voice alerts and very accurate entries ,1,0.699999988079071,0.699999988079071
rt  the janitor in theaters nationwide this october 8 directed by   ,1,0,0
Ã°ÂÂÂ¿Ã°ÂÂÂ¿Ã°ÂÂÂÃ°ÂÂÂÃ°ÂÂÂ¿Ã°ÂÂÂ¿Ã°ÂÂÂÃ°ÂÂÂÃ°ÂÂÂ¿   luke hemmings from 5sos just use your superpower to make me and my fwed  smile ilysm Ã¢ÂÂ¡Ã¬Â 260,1,0.30000001192092896,0.30000001192092896
reekado banks which banks do u use   ,1,-0.20000000298023224,0.20000000298023224
rt  130915   at yvrÃ¢ÂÂÃ¯Â¸Âicn airport 14 credit strawberrybaby1106 ,1,0,0
12 between 2008 amp 2014 trips using payasyougo oyster cards rose in price by 61 for bus journeys amp 47 for the underground ,1,0,0
ignore this coon,1,-0.800000011920929,0.800000011920929
Ã°ÂÂÂ©back to my busy life tomorrow Ã°ÂÂÂÃ°ÂÂÂim grateful though work  work  work thats all Ã°ÂÂÂ,1,0.699999988079071,0.699999988079071
rt  this would be such a cool date Ã°ÂÂÂ ,1,0.800000011920929,0.800000011920929
rt  meet  and hear him talk about managing api resources and their relationships   ,1,0.30000001192092896,0.30000001192092896
hatsoff 4 all the magicians who build our world,1,0.30000001192092896,0.30000001192092896
goodnight! saw the most amazing sunset over the mountains at joshua tree  see more ,1,0.699999988079071,1.5
civil war officers heroism earns medal of honor ,1,0.30000001192092896,0.30000001192092896
first android one smartphones launch ,1,0,0
its a beautiful thing Ã¢ÂÂ the boi  got some loyal fans yall sheeeshh!!Ã¢ÂÂ,1,0.8999999761581421,0.8999999761581421
rt  rush hour   size 24inx16in Ã¢Â£8500      ,1,0,0
rt  incoming freshman be like ,1,0.20000000298023224,0.20000000298023224
im sure ill be here to go see that with d i hopeeee,1,0.699999988079071,0.699999988079071
it is an unexpected surprise yesterday sad story but shes ok Ã°ÂÂÂ,1,0.30000001192092896,0.30000001192092896
good morning  join  amp  for  for the news and weather where you live watch online ,1,0.699999988079071,0.699999988079071
nuevo en  dirty work link ,1,-0.800000011920929,0.800000011920929
rt  lol gd going down while dara with her biiiggg mic is going up rt  dapak Ã°ÂÂÂÃ°ÂÂÂÃ°ÂÂÂ i c u dara Ã°ÂÂÂÃ°ÂÂÂÃ°ÂÂÂ ,1,0.20000000298023224,0.20000000298023224
theresa may steve mcguirk amp ali parsa 3 people whove shaped public service   ,1,0,0
rt  the more i work with social media the more i feel everyone in this industry should read the advertising classics,1,0.5,0.5
rt   your concert is like a full on workout but its a fun workout,1,0.8999999761581421,0.8999999761581421
rt  who remembers this prickÃ°ÂÂÂ ,1,0,0
rt  Ã¢ÂÂ¼Ã¯Â¸ÂÃ¢ÂÂ¼Ã¯Â¸ÂÃ¢ÂÂ¼Ã¯Â¸ÂÃ¢ÂÂ¼Ã¯Â¸ÂÃ¢ÂÂ¼Ã¯Â¸ÂÃ¢ÂÂ¼Ã¯Â¸ÂÃ¢ÂÂ¼Ã¯Â¸ÂÃ¢ÂÂ¼Ã¯Â¸ÂÃ¢ÂÂ¼Ã¯Â¸ÂÃ¢ÂÂ¼Ã¯Â¸ÂÃ¢ÂÂ¼Ã¯Â¸Â please follow her  shes your biggest fan do it for her please  Ã¢ÂÂ¼Ã¯Â¸ÂÃ¢ÂÂ¼Ã¯Â¸ÂÃ¢ÂÂ¼Ã¯Â¸ÂÃ¢ÂÂ¼Ã¯Â¸ÂÃ¢ÂÂ¦,1,0.6000000238418579,0.6000000238418579
the heat was pretty good and funny maybe not as funny as most made it seem to be but very good,1,0.699999988079071,0.699999988079071
good mate cheers Ã°ÂÂÂ» lapping up the sunwalking on the beaches looking at the peacheshowaya ,1,0.8999999761581421,0.8999999761581421
rt  there is my gift for guys!   ,1,0.8999999761581421,0.8999999761581421
goodnight danky Ã°ÂÂÂÃ°ÂÂÂ,1,0.20000000298023224,0.20000000298023224
is there a list of where the showers are on campus makes my cycle commute a lot happier when theres a shower at the end,1,0.5,0.5
rt   head of uk audiences network coordinator amp content editor uk auds coordinator ops coordinator ,1,0,0
what !,1,0.10000000149011612,0.10000000149011612
another hour! its september 15 2014 at 0602pmfxxcvj,1,-0.20000000298023224,0.6000000238418579
costa is off to a flyer but liverpool and man city stars are still good bets for top scorer   ,1,0.6000000238418579,0.6000000238418579
word,1,0,0
runnin runnin runnin run,1,0,0
gotcha!,1,0.5,0.5
r2be a prayer,1,0.30000001192092896,0.30000001192092896
what am i going to do with all these awful jumpers then oh dear never mind you are marvellous,1,-0.30000001192092896,0.30000001192092896
rt  reputation is what men and women think of us character is what god and angels know of us  thomas paine ,1,0.5,0.5
rt  the first 1000  part 1 lessons learned on the path to building an authors following   ,1,0.30000001192092896,0.30000001192092896
ashya proton beam sessions begin brain tumour patient ashya king is undergoing his first proton beam treatmen ,1,0,0
rt  hello world just want to let you guys know that a new song that i composed will be played for theÃ¢ÂÂ¦ ,1,0.5,0.5
rt  wishful thinking for  morning     ,1,0.4000000059604645,0.4000000059604645
yesterday is but todayÃ¯Â¿Â½s memory and tomorrow is todayÃ¯Â¿Â½s dream,1,0.30000001192092896,0.30000001192092896
reply to    wowowowi want to joind p Ã¢ÂÂ¥Ã¢ÂÂ¥ ,1,0,0
ive just entered a competition on julies notebook to win lilys kitchen dog food from  ,1,0.20000000298023224,0.20000000298023224
jonathan reaffirms credible elections in 2015 | pm news nigeria ,1,0.30000001192092896,0.30000001192092896
egypts most prominent activist released on bail egypts most prominent activis  ,1,0,0
rt thornalan  absolute perfectionism involves infinite recursion to release your game youll need to stop somewhere,1,-0.699999988079071,0.699999988079071
india to grow at 5 6 in fy15 rate cuts likely in q1 2015 ficci  ,1,0,0
love cjr,1,0.8999999761581421,0.8999999761581421
once ,1,0,0
dick cheney should be in jail read the full transcript here  ,0,-0.8999999761581421,0.8999999761581421
rt  for those asking Ã¢ÂÂ daniel padilla on pba dleague rumors hindi po totoo ang balita read here ,1,-0.10000000149011612,0.10000000149011612
rt   never been able to do a yoyo or hula hoop,1,-0.699999988079071,0.699999988079071
one person followed me  automatically checked by ,1,-0.5,0.5
at least i wont get that song out of my head ,1,0.20000000298023224,0.20000000298023224
rt  between sayang amp bae i prefer sayang idk sayang is such a beautiful word in malay Ã°ÂÂÂ,1,0.6000000238418579,0.6000000238418579
i cant accept to always be disrispected i believe i can change what i cant accept,1,-0.699999988079071,0.699999988079071
it was a tough battle but the win is mine!!!   ,1,0.8999999761581421,0.8999999761581421
new!! watch bickley somers break down cardsÃ¢ÂÂ win  ,1,0.10000000149011612,0.5
i heard you like dolls may i present the island of dolls! ,1,0.20000000298023224,0.20000000298023224
best discussion i have seen thus far on  between zainab badawi and  on  ,1,0.8999999761581421,0.8999999761581421
uhp bright and early where ai at because gills about to get this work in,1,0.20000000298023224,0.20000000298023224
Ã°ÂÂÂÃ°ÂÂÂÃ°ÂÂÂ love is in the air Ã¢ÂÂ¤Ã¯Â¸ÂÃ¢ÂÂ¤Ã¯Â¸ÂÃ¢ÂÂ¤Ã¯Â¸Â ,1,0.800000011920929,0.800000011920929
rt  air france pilots begin strike ,1,0,0
new zealand dismisses snowdens claim it planned mass domestic spying wellington reuters  new zealand was  ,1,-0.699999988079071,0.699999988079071
if you were keen on footy show tickets ,1,-0.20000000298023224,0.20000000298023224
plastic pollution choking australian waters study  link ,1,-0.30000001192092896,0.30000001192092896
unloving you is the hardest part,1,0,0
and so we know and rely on the love god has for us god is love whoever lives in love lives in god and god in ,1,0.800000011920929,0.800000011920929
rt  were looking for volunteers to help at the  pls rt amp get in touch if you can help! ,1,0.10000000149011612,0.10000000149011612
rt  this is me when all my idols are doing follow spree Ã°ÂÂÂ ,1,0.20000000298023224,0.20000000298023224
i found simple pump in the tribez amp castlez for   ,1,0.20000000298023224,0.20000000298023224
what are you reading lucian,1,-0.20000000298023224,0.20000000298023224
rt  chief keef changing his life ,1,-0.10000000149011612,0.10000000149011612
rt   good times,1,0.800000011920929,0.800000011920929
thank you for mentioning me! have an awesome day! ,1,0.8999999761581421,0.8999999761581421
take a short napÃ°ÂÂÂ¤Ã°ÂÂÂ¤Ã°ÂÂÂ¤,1,0,0
wanna find out when you can get hold of  where you are check this out ,1,0.10000000149011612,0.10000000149011612
hagimit waterfalls    ,1,0.800000011920929,0.800000011920929
rt  my main focus is to get my shit together,1,-0.699999988079071,0.699999988079071
1 user i follow does not follow me back on twitter find out who does not follow you back ,1,-0.699999988079071,0.699999988079071
rt  brown panther jockey  after  win see gallery  ,1,-0.5,0.5
omg you make my smile so bright i love you can tour follow me plz x11,1,0.8999999761581421,0.8999999761581421
sometimes we dont realize how blessed we are to have our mothers in our lives,1,0.699999988079071,0.699999988079071
only 36 percent of p26trillion budget to be debated on davao rep ungab explains why ,1,-0.30000001192092896,0.30000001192092896
bunch of    ,1,-0.5,0.5
rt  miley cyrus is an outfit repeater ,1,0,0
no! i am Ã°ÂÂÂ xx,1,-0.10000000149011612,1.100000023841858
rt  we are on our way to meet the cast of  stay tuned for live updates and exclusive pictures ,1,0.30000001192092896,0.30000001192092896
rt   we believe eu founds will help to mold polish economy,1,0.20000000298023224,0.20000000298023224
rt  honey for the eyes virile moment         ,1,0.4000000059604645,0.4000000059604645
love raised by wolves edge at his best,1,0.8999999761581421,0.8999999761581421
ok next week Ã³Â¾ÂÂ© ,1,0.30000001192092896,0.30000001192092896
ib admit card 2014 Ã¢ÂÂ ib security assistant hall ticket 2014 admit cards for saexe examination oct 12 2014 ,1,0,0
hilarious! love the math about impact factor ,1,0.8999999761581421,1.899999976158142
agh! just 1 mark more and i couldve gotten a distinction! dx,1,0.10000000149011612,0.699999988079071
rt  adorable idea for ifwhen you have a family Ã°ÂÂÂ ,1,0.8999999761581421,0.8999999761581421
ive collected 70 gold coins!    ,1,0.5,0.5
rt  red sail by caras ionut ,1,-0.10000000149011612,0.10000000149011612
rt  lol you gotta be kidding me  Ã°ÂÂÂ,1,-0.699999988079071,0.699999988079071
feels good to workout at this time,1,0.8999999761581421,0.8999999761581421
for you pa! we love you! happy birthday! ,1,0.8999999761581421,2.700000047683716
link of the day! most popular link among people i follow is  by ,1,0.4000000059604645,0.800000011920929
rt  i was never going to join manchester united  muller ,1,-0.5,0.5
rt  great atmosphere in trinity today for freshers week! were in front square with  petition ,1,0.699999988079071,0.699999988079071
cheers justin just donÃ¢ÂÂt mention the iso this once cleaned up really well my favourite shot of the morning is,1,0.800000011920929,0.800000011920929
i just received a reward popular island!    ,1,0.800000011920929,0.800000011920929
get it out now,1,0,0
Ã¢ÂÂ someone gave me a hedgehog hat for max at my meet n greet aw look  i want one Ã°ÂÂÂÃ¢ÂÂ¤Ã¯Â¸ÂÃ°ÂÂÂ­,1,0.30000001192092896,0.30000001192092896
rt  at the age of 41 goalkeeper rogerio ceni scored his 120th goal for sÃ£Â£o paulo last night ,1,0.10000000149011612,0.10000000149011612
the colombian womens cycling team stylewatch what exactly was on the mood board here sports luxe the cro ,1,0.5,0.5
rt  congrats  for winning this years mvp! ,1,0.8999999761581421,0.8999999761581421
nab alert nab alert what is the meaning of this !!!! ,1,-0.5,0.5
ghosts was lucky  via ,1,0.4000000059604645,0.4000000059604645
media monkeyÃ¢ÂÂs diary page 3 scottish independence Ã¢ÂÂ and where is wales ,1,-0.20000000298023224,0.20000000298023224
rt  getting ready for church ,1,0.20000000298023224,0.20000000298023224
$  supplier wedges flatshoes jakarta mulai 50rb 236e6065 instagram rumahwedges ,1,0,0
done thanks,1,0.6000000238418579,0.6000000238418579
3d printing with wood filament on robo 3d printer  looks smells amp feels like wood  youtube |  ,1,-0.5,0.5
amp thanks! ,1,0.800000011920929,0.800000011920929
baekhyun  140915 incheon airport arrival from bangkok credit ,1,0,0
hows wallaces fitness after game,1,0.20000000298023224,0.20000000298023224
travel smile do you think he has got a chance  ,1,0,0
i am not a product of my circumstances i am a product of my decisions ,1,-0.6000000238418579,0.6000000238418579
1fiveÃ°ÂÂÂÃ°ÂÂÂ±Ã¢ÂÂ¤Ã¯Â¸Â 2zouis 3torn 4allÃ°ÂÂÂ 54 65sos 7noÃ°ÂÂÂ ,1,0.30000001192092896,0.30000001192092896
rt  gotta love   this  is an amazing interpretation of classic porsche style ,1,0.8999999761581421,0.8999999761581421
napping for just 6 minutes can help improve your memory,1,0.5,0.5
Ã¢ÂÂ   nice legsÃ°ÂÂÂÃ¢ÂÂ thanks i grew them myself,1,0.8999999761581421,0.8999999761581421
ive collected 37261 gold coins!    ,1,0.4000000059604645,0.4000000059604645
wealthy affiliate university review  crucial information helpful tips and reviews play a strategic role,1,0.5,0.5
life  sometimes you really are too good to me ,1,0.800000011920929,0.800000011920929
rt  video team usa wins gold hits the shmoney dance on the podium  ,1,0.10000000149011612,0.10000000149011612
too shy to talk about stis and contraception get savvy during sexual health week  1521 september 2014 ,1,-0.699999988079071,0.699999988079071
rt    jane   awww ang cute!! janes true friends,1,0.800000011920929,1.600000023841858
its twitter everybody gone have their own opinions about things that are posted,1,-0.30000001192092896,0.30000001192092896
never cry for someone who hurts you just smile and say thanks for giving me a chance to find someone better than you,1,0.4000000059604645,0.4000000059604645
rt  current mood ,1,0.5,0.5
rt  boa in nagoya zipfmlachic century session d ,1,0.699999988079071,0.699999988079071
oh my god yes! just when i thought it had gone boom it hit back even worse then before! ,1,0,1.7999999523162842
rt  page for more fun ,1,0.20000000298023224,0.20000000298023224
new job posted labor amp delivery nurse Ã¢ÂÂ ld rn american mobile healthcare require a Ã¢ÂÂlabor amp   ,1,-0.30000001192092896,0.30000001192092896
thanks noona  nice to meet you,1,0.8999999761581421,0.8999999761581421
pick my new car up wednesday d,1,0.20000000298023224,0.20000000298023224
hartleys second law never sleep with anyone crazier than yourself,1,-0.6000000238418579,0.6000000238418579
cbb treasury bills oversubscribed by 209 ,1,-0.20000000298023224,0.20000000298023224
best ufo sightings april 2014 new ufos file roswell ufos documentary hd best ufo sightings april 2014  new u ,1,0.800000011920929,0.800000011920929
we hope you all had a nice weekend and are ready for a new week with loads of great opportunities  we thought ,1,0.8999999761581421,0.8999999761581421
up to 53 off saltcave session ,1,0,0
revs!!,1,0.4000000059604645,0.4000000059604645
larsfÃ£Â¤lten hold business accountable for their ecological and social impact calculate the true costs ,1,0,0
rt  youtube users in india can now download and watch videos offline  ,1,0.699999988079071,0.699999988079071
you know when school year ends and you think you will stop crushing on that person during summer but you see them again and nothing changed,1,-0.699999988079071,0.699999988079071
rt  if you dont go after what you want you will never have it,1,-0.5,0.5
slingtv review convenient tv placeshifting with an underwhelming new interface for theÃ¢ÂÂ¦ ,1,-0.5,0.5
i kennot betullah,1,0.4000000059604645,0.4000000059604645
welcome to gist me blog trending moviesin city a dame to kill  ,1,-0.4000000059604645,0.4000000059604645
you want to concentrate on the good news today rather than foc more for taurus ,1,-0.30000001192092896,0.30000001192092896
thank you brittanyÃ°ÂÂÂ,1,0.800000011920929,0.800000011920929
news bulgaria janjuly current account posts 13pcgdp surplus ,1,-0.20000000298023224,0.20000000298023224
pubstomping  via ,1,-0.20000000298023224,0.20000000298023224
rt  literally me right nowÃ°ÂÂÂ  ,1,0.30000001192092896,0.30000001192092896
constable was more than a reactionary fuddyduddy | via       ,1,-0.10000000149011612,0.10000000149011612
ha! uzor popsy is that your leg,1,0.10000000149011612,0.800000011920929
taking a shower and going back to sleep!,1,0.10000000149011612,0.10000000149011612
session one was calling out for a  versestill a monster of a tune tho  ,1,-0.10000000149011612,0.10000000149011612
rt  logo represents a house amp yellow colour represents light which carries meaning of ikon shining like a light amp fans being thÃ¢ÂÂ¦,1,0.5,0.5
to  thanx for following me ya tha best ,1,0.8999999761581421,0.8999999761581421
rt  absolutely cannot wait for you guys to hear steal my girl on 29th september!,1,0.699999988079071,0.699999988079071
rt  derek jeter said farewell to baltimore   ,1,0.20000000298023224,0.20000000298023224
two ancient skeletons found holding hands in medieval chapel    ,1,0,0
proud to be part of the team that launched  in india!   ,1,0.8999999761581421,0.8999999761581421
rt  leche guys she has feelings if she hurts herself thats on everyone too,1,-0.5,0.5
rt  we can help you learn more about available mental health services in the community ,1,0.4000000059604645,0.4000000059604645
excited to be playing  this friday  ,1,0.8999999761581421,0.8999999761581421
this is so mehahahahaha xxxx ,1,0.6000000238418579,0.6000000238418579
can u direct me to places with translations for 2pms twitter junho was tweeting nonsense to the jype twitter apparently,1,-0.699999988079071,0.699999988079071
lmao ariana,1,-0.10000000149011612,0.10000000149011612
if you donÃ¢ÂÂt succeed at first hide all evidence that you tried,1,-0.5,0.5
open day session | thu 18th sept!    ,1,0.4000000059604645,0.4000000059604645
Ã¢ÂÂ Ã°ÂÂÂÃ°ÂÂÂ bruh ,1,0.30000001192092896,0.30000001192092896
hearts in atlantis 2001 is a pleasant movie c  ltnbxviugt,1,0.800000011920929,0.800000011920929
i miss my coco butter kisses,1,-0.20000000298023224,0.20000000298023224
dower rt 50 seconds,1,-0.4000000059604645,0.4000000059604645
its basically 1pt for every 300 spend so 25 x 300 = rs75k for gold status,1,-0.5,0.5
rt  it all comes out in the wash,1,0,0
rt  follow and rt  to  2 tickets to  a celebration of the history of music in cape town,1,0.20000000298023224,0.20000000298023224
love to save find hot designer brands for less   ,1,0.8999999761581421,0.8999999761581421
rt  full of sith episode lxxxii holly frey in Ã¢ÂÂthereÃ¢ÂÂs always room for greedoÃ¢ÂÂ join tha mike pilot ,1,0.4000000059604645,0.4000000059604645
git windowshopping homeliness in cooperation with ecolo starry heaven coupon codes kudbfrgjl,1,0.30000001192092896,0.30000001192092896
unprecedented boost in number of new schools ,1,0.8999999761581421,0.8999999761581421
no ! jimmy protested,1,-0.5,1.100000023841858
euro zone trade surplus rises in july on growing exports brussels  the euro zones trade surplus rose yearo ,1,0,0
fav week of the school year Ã°ÂÂÂ,1,0.8999999761581421,0.8999999761581421
enigma foundation cream go fast is straight a foyer occasion lmsyzqry,1,0.20000000298023224,0.20000000298023224
my wedding prep pictures ,1,0.30000001192092896,0.30000001192092896
there is no way any one! any player in this case can man mark alexis sanchez!!!,1,-0.30000001192092896,0.699999988079071
Ã¢ÂÂ  tell your stans and groupies to fall backÃ¢ÂÂ lol id like to call them  homies Ã°ÂÂÂ,1,0.10000000149011612,0.10000000149011612
just listened to the latest episode of the brilliant idiots podcast im a huge fan love what you guys do but i gotta correct,1,0.10000000149011612,0.10000000149011612
rt  naked game talk news is out!  stories via   ,1,-0.20000000298023224,0.5
rt  happy 5 birthday kyla Ã°ÂÂÂÃ°ÂÂÂÃ°ÂÂÂÃ°ÂÂÂÃ°ÂÂÂ dont be careless retweet to help me wish this girl happy birthday Ã°ÂÂÂÃ°ÂÂÂ Ã°ÂÂÂ ,1,-0.4000000059604645,0.4000000059604645
guilds ghi ,1,0,0
contributed tweets for  are delivered by  ,1,0.4000000059604645,0.4000000059604645
cannonball adderley amp miles davis Ã¢ÂÂ Ã¢ÂÂautumn leavesÃ¢ÂÂ ,1,0.20000000298023224,0.20000000298023224
wake iup to shirtlessni all pictures with his sunglasses and ches t ! hair!!!,1,0,0
rt  spirit lead me where my trust is without boarders! let me walk upon the waters wherever you would call me! ,1,0.5,1.100000023841858
the honor of talking to me through social networking is more than enough payment,1,0.4000000059604645,0.4000000059604645
i even sent her a dont let them get to you tweet,1,-0.699999988079071,0.699999988079071
you are eager to handle a tricky situation by quickly swinging more for pisces ,1,0.8999999761581421,0.8999999761581421
rt  what a show   more like best fest great to be with so many great people   ,1,0.8999999761581421,0.8999999761581421
sounds yummy! sweet on you day is on 27 sept 123    deatils  ,1,0.8999999761581421,0.8999999761581421
rt  gracias a tod victoria es vuestra! thanks to allthis victory is yours! ,1,0.8999999761581421,1.7999999523162842
rt  me at school ,1,0,0
grep me no patterns and ill tell you no lines,1,-0.6000000238418579,0.6000000238418579
colloidal silver salve  amazing silver balm w essential oils ,1,0.8999999761581421,0.8999999761581421
let us know how you get on ,1,0,0
preserving australias rock art  a national policy    ,1,0.30000001192092896,0.30000001192092896
rt  Ã¢ÂÂÃ¢ÂÂÃ¢ÂÂÃ¢ÂÂÃ¢ÂÂ! a page turner!        ,1,0.699999988079071,0.699999988079071
rt    when i first found  and fell in love with   weve been married ever since Ã°ÂÂÂÃ°ÂÂÂÃ°ÂÂÂÃ°ÂÂÂÃ°ÂÂÂ ,1,0.8999999761581421,0.8999999761581421
i had a good bonofree run,1,0.8999999761581421,0.8999999761581421
follow back b2uty ,1,0,0
Ã¢ÂÂ¢ give julquen a chance Ã¢ÂÂ¢ give julquen a chance Ã¢ÂÂ¢ give julquen a chance Ã¢ÂÂ¢ give julquen a chance ,1,0.4000000059604645,0.4000000059604645
rt  owned have students own their own work more movitated  brings empowerment tangible outcomes this brings pride ,1,0.8999999761581421,0.8999999761581421
this is so sweet Ã°ÂÂÂ,1,0.8999999761581421,0.8999999761581421
yeah man  seriously u should come no contests amp no bangkok trips to look fwd to,1,-0.10000000149011612,0.10000000149011612
rt  long glass earrings bridal earrings swarovski wrapped wedding day statement piece dagger earrings  ,1,0.20000000298023224,0.20000000298023224
time to flee dinas again permanently moving into house in cardiff today!  ,1,0,0
rt   must win over patients and staff to achieve a paperless future conference hears ,1,0,0
rt  na every place ahdey  never expect power always  full meaning of nepa  ,1,-0.20000000298023224,0.20000000298023224
nah man not going on xbox yet,1,-0.4000000059604645,0.4000000059604645
anchorage alaska anchoragecccs on twitter  ,1,-0.10000000149011612,0.10000000149011612
daniele watts caught hain sex wi boyfriend in public goes off on cops but audio has nowÃ¢ÂÂ¦ ,1,-0.699999988079071,0.699999988079071
everyone dreams ,1,0.8999999761581421,0.8999999761581421
rt  see how perf nashlene is the individual anniversaries are the same ya guys feel me,1,0,0
rt  titans collide later this year in  vs  by jim starlin  ,1,0,0
dinner with little brother who has no twitter thanks ,1,-0.4000000059604645,0.4000000059604645
lucky is the man who is the fiÃ¢ÂÂ¦ ,1,0.800000011920929,0.800000011920929
gotta finish before its too late,1,-0.4000000059604645,0.4000000059604645
im here  ,1,0,0
yassssÃ°ÂÂÂ whatcha mad for  Ã°ÂÂÂÃ°ÂÂÂÃ°ÂÂÂÃ¢ÂÂÃ¯Â¸Â  Ã°ÂÂÂÃ°ÂÂÂ,1,0.30000001192092896,0.30000001192092896
google national park species lists facebook acquaintances,1,0,0
omgggg whats happeninggg,1,0,0
rt  terrence west is first rookie rb with at least 90 yards from scrimmage in teamÃ¢ÂÂs first two games since chris johnson and Ã¢ÂÂ¦,1,0.20000000298023224,0.20000000298023224
truth y ,1,0.6000000238418579,0.6000000238418579
rt  your first thing in anything is unforgettable your first love first kiss first hug first friendship first job first letter Ã¢ÂÂ¦,1,0.699999988079071,0.699999988079071
rt  russian mercenaries recruited in latvia recruits for the war in ukraine are allegedly promised 1500 euro per kill ,1,-0.6000000238418579,0.6000000238418579
posts from enewsÃ¢Â® for 09152014  ,1,0,0
query pitfall failure to include pages ,1,-0.699999988079071,0.699999988079071
ugh i wanna go home,1,-0.6000000238418579,0.6000000238418579
Ã°ÂÂÂ¤Ã°ÂÂÂÃ°ÂÂÂ¤Ã°ÂÂÂ meeting 5sos has been my dream for the past 3 years please make it a reality    Ã°ÂÂÂÃ°ÂÂÂ¤Ã°ÂÂÂÃ°ÂÂÂ¤39,1,0.699999988079071,0.699999988079071
if i stay if i stay if i stay,1,-0.10000000149011612,0.10000000149011612
boss simple ardor referring to propaganda bespeaking rapport dainik jagran adqspqabb ,1,-0.4000000059604645,0.4000000059604645
rt  is it 220 yet,1,0,0
what ever you do     keep your phone safe with phonehug buy now  stand b017 ,1,0.20000000298023224,0.20000000298023224
according to  my twitter account is worth $2784 whats yours worth  @ ,1,-0.30000001192092896,0.30000001192092896
rt  im so attracted to positivity,1,0.8999999761581421,0.8999999761581421
police tulsa man pours lighter fluid on woman ,1,-0.6000000238418579,0.6000000238418579
Ã°ÂÂÂ Ã°ÂÂÂ Ã°ÂÂÂ Ã°ÂÂÂ Ã°ÂÂÂ Ã°ÂÂÂ Ã°ÂÂÂ Ã°ÂÂÂ Ã°ÂÂÂ Ã°ÂÂÂ Ã°ÂÂÂ Ã°ÂÂÂ Ã°ÂÂÂ Ã°ÂÂÂ Ã°ÂÂÂ Ã°ÂÂÂ Ã°ÂÂÂ Ã°ÂÂÂ Ã°ÂÂÂ Ã°ÂÂÂ Ã°ÂÂÂ Ã°ÂÂÂ Ã°ÂÂÂ Ã°ÂÂÂ Ã°ÂÂÂ Ã°ÂÂÂ Ã°ÂÂÂ Ã°ÂÂÂ Ã°ÂÂÂ Ã°ÂÂÂ Ã°ÂÂÂ Ã°ÂÂÂ Ã°ÂÂÂ follow and stalk  bc gain tweets x63,1,-0.20000000298023224,0.20000000298023224
im trying to i just need sleep i cant stay homei love you its ok!,1,0.800000011920929,0.800000011920929
street art at melbourneÃ°ÂÂÂ ,1,0.10000000149011612,0.10000000149011612
rt  exnigeria coach siasia on mikel Ã¢ÂÂsomeone would have to talk to him but to talk to mikel you have to be ready for your oÃ¢ÂÂ¦,1,0,0
youre rarely interested in messing around with shallow conver more for scorpio ,1,-0.30000001192092896,0.30000001192092896
faith is not blind i dont need wings to help me fly miracles happen once in a while when you believe Ã¢ÂÂprincess diaries,1,-0.10000000149011612,0.10000000149011612
destiny review  gamerwho ,1,0,0
crrying   lmaooo rt  when baes horny but u tryna invade poland ,1,-0.4000000059604645,0.4000000059604645
weekly humidity   mon sep 15 213017 est 2014,1,0,0
rt  skin tatted up draped up in this gold three words for the way i do it Ã¢ÂÂout of controlÃ¢ÂÂ i gotta go to work,1,0,0
n   september 15 2014 at 0828pm,1,0,0
rt   allstar five presented by      teodosic ,1,0,0
im just gonna wear uggs today,1,-0.10000000149011612,0.10000000149011612
classdojo has made my classroom so positive! ss love it + ps so engaged! try it out!  ,1,0.8999999761581421,2.799999952316284
i had a dream i had a kid who was bald,1,0.699999988079071,0.699999988079071
rt  stage is so beautifully designed ,1,0.8999999761581421,0.8999999761581421
alone we can do so little together we can do so much  helen keller,1,0.5,0.5
thanks my friend! always great to see you,1,0.8999999761581421,1.899999976158142
what the facebook ipo means to  pros  ,1,0.10000000149011612,0.10000000149011612
one of the ways you can honor the serviceoriented virgo sun i more for leo ,1,0.5,0.5
rt   thanks jewish baltimore for answering your phones this afternoon we just hit the $1 million mark!,1,0.6000000238418579,0.6000000238418579
i would take a risk just for you,1,-0.699999988079071,0.699999988079071
rt  new single means new music video new pictures of the boys new reaction pics the fandom  ,1,0.20000000298023224,0.20000000298023224
absolutely perfected poached eggs Ã°ÂÂÂÃ°ÂÂÂ³,1,0.8999999761581421,0.8999999761581421
i see those brown eyes every time close mine ,1,-0.5,0.5
perfect tits too,1,0.8999999761581421,0.8999999761581421
tell them you care sometimes partners make the mistake of thinking i dont need to tell them they know but everybody needs reassurance,1,-0.699999988079071,0.699999988079071
okay im off to school  have a lovely day be happy and stuff stay safe! lt3,1,0.6000000238418579,1.2999999523162842
am i allowed too touch,1,0,0
luke will u come get me so i dont have to fo to school and we x oooooo uld cuddle and eat sandwiches and watch movies,1,-0.10000000149011612,0.10000000149011612
rt  lycanatics gairanod international ,1,0.10000000149011612,0.10000000149011612
r5  i want you bad,1,-0.30000001192092896,0.30000001192092896
rt  saatchi online artist maurice sapiro painting sunset reflected  via  ,1,0.10000000149011612,0.10000000149011612
concert | 3rd of october | federal palace hotel |    ,1,0,0
sometimes when you love people you want to believe theyÃ¢ÂÂre good,1,0.5,0.5
kfb dear,1,0,0
how can you be motivated Ã¢ÂÂ only by my mom ,1,-0.4000000059604645,0.4000000059604645
follow back pls x,1,-0.20000000298023224,0.20000000298023224
happiness is forgotten pocket moneyÃ°ÂÂÂ,1,-0.20000000298023224,0.20000000298023224
im at maltepe in Ã¤Â°stanbul ,1,0.30000001192092896,0.30000001192092896
Ã°ÂÂÂ¥neeeeww musicÃ°ÂÂÂ¥ mad j   prod by  official audio    Ã°ÂÂÂ¥Ã°ÂÂÂ¥Ã°ÂÂÂ¯Ã°ÂÂÂ¢Ã°ÂÂÂ¢,1,0.10000000149011612,0.10000000149011612
rt  you have enemies good that means youve stood up for something in your life,1,-0.4000000059604645,0.4000000059604645
i love my bros,1,0.8999999761581421,0.8999999761581421
rt  whether yall have been here from the beginning of  or binge watched it this summer thanks spnfamily for ,1,0.4000000059604645,0.4000000059604645
let the past be the past,1,-0.30000001192092896,0.30000001192092896
rt  omg love this gif ot4! Ã°ÂÂÂÃ°ÂÂÂÃ°ÂÂÂ rt omg these dorks!!!! xd ,1,0.699999988079071,2.200000047683716
subtweeting tweets that reference a person indirectly,1,-0.4000000059604645,0.4000000059604645
although you may start the day in a rather easygoing mood a f more for sagittarius ,1,0.20000000298023224,0.20000000298023224
pete what are these ,1,-0.4000000059604645,0.4000000059604645
small biz  start up want to reach 1000s of new  clients daily ,1,0,0
choosing the goodness nursing run multiple series until feed on lmyhxqn,1,0.10000000149011612,0.10000000149011612
err mer gherd im back at college yo! so far its been a good day! better than i expected  ,1,0.8999999761581421,1.7999999523162842
the empire strikes back poster from poland ,1,0,0
a gentle reminder ,1,0.5,0.5
so glad to hear that david! i love having you join us in the morning ,1,0.8999999761581421,1.899999976158142
team member  works his magic ,1,0.699999988079071,0.699999988079071
youve already made friends which is the hard part really and plus youll have friendly faces me woo around campus too!,1,0.8999999761581421,0.8999999761581421
yes guys i was sub tweetinggg,1,0.20000000298023224,0.20000000298023224
for now anyway until i get a better rapport with the editors,1,-0.10000000149011612,0.10000000149011612
rt  i always thought this was a sign !!!! taal volcano on roar mv    ,1,0,0.30000001192092896
good he laughed softly and he stopped splashing her,1,0.8999999761581421,0.8999999761581421
rt  it was all smiles at old trafford as  beat  40 match report and pics here   ,1,0.4000000059604645,0.4000000059604645
rt  its not glass but a 3d painting  ,1,-0.20000000298023224,0.20000000298023224
24hr streamathon! minecraft vanilla 18 achievement hunt!  ,1,0.30000001192092896,0.699999988079071
the women consent to work in that industry its not objectifying them at all,1,-0.5,0.5
canon and stella mccartney reveal limited edition camera bag canon and stella m  ,1,0.5,0.5
cool chicago weather streak a recordsetter the cool september weather moved into recordsetting territory th ,1,0.800000011920929,0.800000011920929
rt  walking while texting chinese city unveils special lane for cellphone addicts  ,1,0,0
some pple on here secondary school kawaii aka gama amma they be actin like some phd holders haba manaah,1,-0.20000000298023224,0.20000000298023224
rt   says angel di maria is one of the best players in the world and praised  debutants v qpr ,1,0.699999988079071,0.699999988079071
rt  so much fun at    another amazing event Ã°ÂÂÂÃ°ÂÂÂ,1,0.8999999761581421,0.8999999761581421
any chance of one of your marshmallow tea cakes on my birthday in late september i can stick a candle in it!,1,0.699999988079071,0.699999988079071
keep calm and love miley gt        ,1,0.800000011920929,0.800000011920929
this is the 1st time i could see ed!i love him and his music so muchÃ°ÂÂÂplease pick me! x94,1,0.6000000238418579,1.2999999523162842
mission accomplishedÃ¢ÂÂ¢ goin back to bedÃ¢Â°,1,0,0
rt  finevictorianruby3carataquamarineseedpearlartnouveau15kgoldpendant ,1,0.10000000149011612,0.10000000149011612
yesss miss zaman,1,-0.4000000059604645,0.4000000059604645
rt  happy birfffdaaay  Ã¢ÂÂºÃ¯Â¸ÂÃ°ÂÂÂ ,1,0.699999988079071,0.699999988079071
some of your tweets make me laugh a lot,1,0.8999999761581421,0.8999999761581421
has pardew gone yet,1,-0.10000000149011612,0.10000000149011612
at least i get to go home and get my boots now except i cant wear pants ,1,-0.30000001192092896,0.30000001192092896
com 433 s01 has 68 open spots,1,0.10000000149011612,0.10000000149011612
rt    did you need one,1,0.10000000149011612,0.10000000149011612
ahahaha!!! have fun dear,1,0.6000000238418579,1.2999999523162842
closed sell 15 lots eurusd 129227 for +45 pips total for today +2479 pips   ,1,-0.4000000059604645,0.4000000059604645
rt  harry mouthed youre pretty to a fan in the crowd but she didnt understand so harry used his mic this girl wins at life,1,-0.10000000149011612,0.10000000149011612
whoops got my spelling wrong ,1,-0.6000000238418579,0.6000000238418579
you the one i need Ã°ÂÂÂÃ°ÂÂÂ Ã¢ÂÂ« love on top by  Ã¢ÂÂ ,1,0.8999999761581421,0.8999999761581421
rt  work hard stay humble,1,0.800000011920929,0.800000011920929
serena williams new beach photos ,1,0.800000011920929,0.800000011920929
maybe she knows something,1,0,0
it happens ,1,0,0
rt  wow! just the logo created so much of buzz wonder what a buzz the  team will create when they take the fieldÃ¢ÂÂ¦,1,0.800000011920929,1.600000023841858
iphone 6 case  ringke fusion iphone 6 47 case dust capdropÃ¢ÂÂ¦ ,1,0,0
rt  weÃ¢ÂÂre giving away tix to  presents   soundcheck party at the barclays in 15 mins! ,1,0.800000011920929,0.800000011920929
you could stir up trouble today by imagining people arent tel more for cancer ,1,-0.699999988079071,0.699999988079071
rt  we stock a wide variety of  amp  aids at any one time all available for free next day delivery ,1,0.30000001192092896,0.30000001192092896
rt  rt for an indirect mbf,1,-0.10000000149011612,0.10000000149011612
rt  the supreme accomplishment is to blur the line between work and play arnold j toynbee,1,0,0
rt  the sea of red the skyline backdrop  all of this is glorious ,1,0.8999999761581421,0.8999999761581421
$ahp  ashford prime declares dividend for third quarter of 2014 ,1,0,0
hehe alright  Ã¢ÂÂ owrayt ,1,0.699999988079071,0.699999988079071
happy birthday taylor Ã°ÂÂÂÃ°ÂÂÂÃ°ÂÂÂÃ°ÂÂÂÃ°ÂÂÂÃ°ÂÂÂ,1,0.8999999761581421,0.8999999761581421
choose our next figure kit! ,1,0.20000000298023224,0.20000000298023224
high risk credit card processing ,1,-0.5,0.5
thank you for the follow i send greetings from japan Ã¯Â¼Âsweet dreamsÃ¯Â¼Â good night Ã®Â¼Ã®Â¼Ã¢ÂÂª ,1,0.8999999761581421,0.8999999761581421
lets get it first stats exam today,1,0.20000000298023224,0.20000000298023224
happy 21st pretty girl!!  have a good one Ã°ÂÂÂ½Ã°ÂÂÂ,1,0.800000011920929,1.7000000476837158
rt  breastfeeding burns an average of 500 calories a day,1,-0.5,0.5
rt  kim woo bin surprises and makes lee jong suk tear up at his fanmeet  ,1,-0.30000001192092896,0.30000001192092896
can acupuncture help treat depression Ã¢Â» soothe | pain and stress management | acupuncture in ,1,0.30000001192092896,0.30000001192092896
really not replying,1,-0.800000011920929,0.800000011920929
rt  ive had a great time with aubri in my room this weekendim so ready to take her home,1,0.8999999761581421,0.8999999761581421
he who is the glory of israel does not lie or change his mind for he is not a man that he should change his mind 1samuel 1529,1,-0.800000011920929,0.800000011920929
just completed a 008 mi walk with  check it out!  ,1,0.699999988079071,0.699999988079071
fback ,1,0.30000001192092896,0.30000001192092896
ahh okayÃ¢ÂÂºÃ¯Â¸ÂthanksÃ°ÂÂÂ,1,0.20000000298023224,0.20000000298023224
rt   kpopers go follow    amp join theirs ga gift cek fav fanbase ,1,0.699999988079071,0.699999988079071
dream needs to be decoratedrhapsody,1,-0.30000001192092896,0.30000001192092896
rt  stunning frankfurt rights guide in well done team! ,1,0.8999999761581421,0.8999999761581421
its still good to come top though i think if we had walsh lomax and wilkin we would have a great chance of winning it,1,0.6000000238418579,0.6000000238418579
oh nice d since man man ha ni came out but only been active for comebacks this year ,1,-0.30000001192092896,0.30000001192092896
rt  people will judge you no matter what so be who you wanna be,1,-0.6000000238418579,0.6000000238418579
rt  lyxor says hedge funds reversed massive long positions on sterling by august now net short ,1,-0.6000000238418579,0.6000000238418579
bbc news  us and uk spy agencies have access to german telecoms ,1,-0.5,0.5
with  firgiawan  and 5 others at perumahan staff pt kts palm oil Ã¢ÂÂ ,1,0,0
no matter what you do or say and your family i will always love you,1,0.8999999761581421,0.8999999761581421
lift intro avicii vevo lift brought   ,1,0,0
rt  allkpop chansung amp go jun hees 19+ movie red carpet releases hilariously naughty trailer  httÃ¢ÂÂ¦,1,0,0
photoset ,1,0.30000001192092896,0.30000001192092896
rt  real niggas birthday Ã°ÂÂÂÃ°ÂÂÂ Ã°ÂÂÂÃ°ÂÂÂ Ã°ÂÂÂ september Ã°ÂÂÂ Ã°ÂÂÂ july Ã°ÂÂÂ Ã°ÂÂÂ december Ã°ÂÂÂ Ã°ÂÂÂ october Ã°ÂÂÂ Ã°ÂÂÂ june Ã°ÂÂÂ Ã°ÂÂÂ january Ã°ÂÂÂ Ã°ÂÂÂ may Ã°ÂÂÂ Ã°ÂÂÂ april Ã°ÂÂÂ Ã°ÂÂÂ febÃ¢ÂÂ¦,1,0.20000000298023224,0.20000000298023224
rt  + being a fan is being here whenever they need us to be being a fan is supporting them no matter what being a fan is abÃ¢ÂÂ¦,1,0.6000000238418579,0.6000000238418579
mtm brownsville  gateway hrs 24 hrsday 9152014 pov lns at 600 am cdt no delay 4 lanes open readylane at 60 ,1,0.10000000149011612,0.10000000149011612
ready for this one  chocolate  with all the toppings! ,1,0.8999999761581421,0.8999999761581421
senior project managerproject director  ,1,0,0
could you use a bar cart in the office,1,-0.10000000149011612,0.10000000149011612
whut haha,1,0.699999988079071,0.699999988079071
rt  getting control of energy   reviews new  pamphlet on public ownership of the big six ,1,0,0
do you have plans after,1,0,0
jut found a pic that is absolute truth!!!,1,0.4000000059604645,0.4000000059604645
rt  sunday night at the palladium just starting  tune in too  to see our performance!! x leigh,1,0.20000000298023224,0.4000000059604645
such an exciting read ive read so many negatives things on the energy revolution especially on the co2 output side,1,0.8999999761581421,0.8999999761581421
rt  rt  info 2pm to appear on sbs mtv the show on 923 instead of 916 due to the broadcaster circumstance crÃ¢ÂÂ¦,1,-0.30000001192092896,0.30000001192092896
starting another week ready for the weekend,1,0.6000000238418579,0.6000000238418579
not really,1,-0.699999988079071,0.699999988079071
haha songs available in itunes ani via apple store,1,0.20000000298023224,0.20000000298023224
only reason im going to school  cause bae there Ã°ÂÂÂ,1,-0.30000001192092896,0.30000001192092896
someone might try to persuade you that youre doing the right  more for virgo ,1,-0.6000000238418579,0.6000000238418579
also yes,1,0.4000000059604645,0.4000000059604645
miss america contestant slapped a shark as a kid greatest living american probably during sunday nights  ,1,-0.4000000059604645,0.4000000059604645
well alright i guess its be mean to kayla today,1,-0.30000001192092896,0.30000001192092896
have a nice day too Ã°ÂÂÂ,1,0.8999999761581421,0.8999999761581421
rt  you have always shown us the right way thanks for being our guide and mentor ,1,0.8999999761581421,0.8999999761581421
stacked beneath a pentagonal roof canopy the staggered program cascades across the site f  via ,1,-0.30000001192092896,0.30000001192092896
we second that! congrats always love what you guys bring,1,0.6000000238418579,1.2999999523162842
i can go under the bridge! have you already discovered this location    ,1,0.4000000059604645,0.800000011920929
rt    great show! thank you for the vip view    ,1,0.8999999761581421,1.7999999523162842
Ã°ÂÂÂ¸Ã°ÂÂÂ­Ã°ÂÂÂÃ°ÂÂÂ­Ã°ÂÂÂ luke hemmings from 5sosÃ°ÂÂÂ are you the sun bc you light up my world every dayÃ¢ÂÂÃ¯Â¸Â pls follow meÃ°ÂÂÂ ilysmÃ°ÂÂÂ  Ã°ÂÂÂÃ°ÂÂÂ­Ã°ÂÂÂÃ°ÂÂÂ­Ã°ÂÂÂ  luke,1,0.10000000149011612,0.10000000149011612
rt     concerto pour demain   katharine hepburn 1947 h stradling  ,1,0.10000000149011612,0.10000000149011612
hannemann mounts return amid votersÃ¢ÂÂ Ã¢ÂÂunhappinessÃ¢ÂÂ ,1,0,0
where in  is doing the best  at the moment ,1,0.5,0.5
rt  guardian premier league 10 talking points from the weekends action chelsea look the finished article in att ,1,0.10000000149011612,0.10000000149011612
you may be operating under the illusion that whatever you crea more for libra ,1,-0.5,0.5
but that character syafiq and thomas paling comel kan like i ship diorg so hard Ã°ÂÂÂ,1,0.10000000149011612,0.10000000149011612
jop weddings rule,1,0.30000001192092896,0.30000001192092896
rt   from above! what an amazing city!   ,1,0.5,1
rt  the best way to get the right answer on the internet is not to ask a question itÃ¢ÂÂs to post the wrong answer,1,0,0
finally wearing jackets,1,0.699999988079071,0.699999988079071
so even though my great grandpa hates ut im touring there and might go,1,0.4000000059604645,0.4000000059604645
congrats   picked your tweet as tweet of the day ,1,0.8999999761581421,0.8999999761581421
rt  18 boram is the oldest but look like the maknae ,1,0.20000000298023224,0.20000000298023224
k is k  hoe na hoe  pussy is pussy  money is money,1,-0.10000000149011612,0.10000000149011612
its upto pakistan to bring criminal like hafiz saeed to book mea sir jhukne nahi denge,1,-0.6000000238418579,0.6000000238418579
you know lots of people want to earn a living  like artists who also contribute to our way of life,1,0.6000000238418579,0.6000000238418579
one person followed me and 2 people unfollowed me  automatically checked by ,1,-0.699999988079071,0.699999988079071
i know right! lets make sure everyone knows it too share it everywhere!   ,1,0.6000000238418579,1.2000000476837158
add photo i think ,1,0,0
dont know someone had retweeted might be an old tweet,1,-0.5,0.5
i see  everywhere i go lol,1,0.8999999761581421,0.8999999761581421
rt  with their sunbaes consent d ,1,0,0
8th spot nw! boom panes! Ã¢ÂÂ¢ nash aguas our loving prince,1,0.699999988079071,1.5
rt  if male video game characters were dressed like female characters ,1,0,0
rt  uk! 1ds first single  from the new album  is on preorder right now out 19th october in the uk! ,1,0.30000001192092896,0.6000000238418579
rt  miss you  will you be with us    ,1,0.8999999761581421,0.8999999761581421
your hair is so soft,1,0.8999999761581421,0.8999999761581421
paper! snow! a ghost!  joey,1,0,1.2000000476837158
rt   aww thanks,1,0.699999988079071,0.699999988079071
my last rt ,1,-0.4000000059604645,0.4000000059604645
id like to cure your glossophobia!     ,1,0.4000000059604645,0.4000000059604645
rt  and on that note im off to get a manicure peaaaaccceeeeeee outtttttt drops the mic,1,-0.20000000298023224,0.20000000298023224
who got u mad,1,-0.800000011920929,0.800000011920929
mr tirso cruz iii and  reunited   Ã°ÂÂÂÃ°ÂÂÂÃ°ÂÂÂÃ°ÂÂÂ,1,0.20000000298023224,0.20000000298023224
collision  sb at queen st brampton 2 vehicles blocking the right lane no injuries tow truck at scene,1,-0.4000000059604645,0.4000000059604645
your child is 11 years old theres no need to park your car and walk him into the school,1,-0.20000000298023224,0.20000000298023224
rt  iphone 6 plus officially ordered Ã¢ÂÂÃ¯Â¸Â,1,0,0
mist amp drizzle up here on tyneside !! x,1,0,0
keep t,1,0,0
rt  is this family home in  too minimal or just right  ,1,0.30000001192092896,0.30000001192092896
todays soups are white cheddar poblano or chili! our favorite is mixing them together so come in and grab a cup or bowl!,1,0.5,1.100000023841858
rt  when the hypest of moments come so do the gifs ,1,-0.10000000149011612,0.10000000149011612
happy birthday  youre beautiful god bless you and that lovely daughter of yours and i wish you nothing but happiness,1,0.8999999761581421,0.8999999761581421
cisco 3750 super switch stackwise configuration cisco stackwise and cisco stackwise plus technologies ar ,1,0.30000001192092896,0.30000001192092896
rt  tt ww 0535 Ã¢ÂÂ  5 6danielandkathryn the unkabogable tandem 7always smile loisa,1,0.30000001192092896,0.30000001192092896
hahaha my email was locked out so thats why i havent sent them yet,1,-0.5,0.5
toot,1,0.30000001192092896,0.30000001192092896
youre welcome thanks for your follow!,1,0.8999999761581421,0.8999999761581421
rt  thank you god for waking me up this morningÃ¢ÂÂÃ°ÂÂÂÃ°ÂÂÂÃ°ÂÂÂÃ°ÂÂÂ,1,0.8999999761581421,0.8999999761581421
we hail smad for the k 40 p50 u40 minimum and 200 maximum number of items in our exam wohoooooo!!,1,0.4000000059604645,0.4000000059604645
yoga festival comes to canalside  wgrztv ,1,0.10000000149011612,0.10000000149011612
rt  get to see my mom amp skylynn for the first time in 3 months Ã°ÂÂÂ,1,0.5,0.5
is he doing it out of spite another beheading another obama golf game even piers morgan weighs in  ,1,-0.30000001192092896,0.30000001192092896
please rt ifu want thisand write your opnionlt3,1,-0.4000000059604645,0.4000000059604645
hehe my collegue just warned me about walking in there with less than 10k ,1,0.30000001192092896,0.30000001192092896
happy birthday agatha christie! were celebrating with 12 price sale on murder on the orient express boomerang! gtgt ,1,0.30000001192092896,1.7000000476837158
rt  appreciate her before she leaves yo ass,1,0.10000000149011612,0.10000000149011612
rt  caution debris on the bayside bridge,1,-0.20000000298023224,0.20000000298023224
just let the hatred go dont have anything against no one be good amp love love conquers all,1,-0.5,0.5
rt  $avnr positive phase ii trial results for avp923 in treatment of agitation in patients with alzheimers disease ,1,0.4000000059604645,0.4000000059604645
vizzywig 4k app enables 4k video recording on your iphone 5s for $1000 ,1,0.30000001192092896,0.30000001192092896
rt  sept 2014 15 retweet this to enter our Ã¢Â£20 amazon voucher competition tampc on website  via Ã¢ÂÂ¦,1,0,0
Ã°ÂÂÂ·  Ã°ÂÂÂ· Ã°ÂÂÂhey sunshineÃ°ÂÂÂ Ã°ÂÂÂ can you take 2 seconds and follow me Ã°ÂÂÂ  amp Ã°ÂÂÂ  Ã°ÂÂÂ Ã°ÂÂÂ¸ thank you loveÃ°ÂÂÂ¸x8492,1,0.20000000298023224,0.699999988079071
please followÃ°ÂÂÂ© ,1,0,0
good night,1,0.8999999761581421,0.8999999761581421
dat and i are getting breakfast to make this work day less painful,1,0.30000001192092896,0.30000001192092896
iphone 6 vs samsung galaxy alpha Ã¢ÂÂ progress vs stagnation  load the game load the gameiphone 6 vs samsung ga ,1,-0.30000001192092896,0.30000001192092896
more heavy rain and flooding possible in the southwest ,1,-0.4000000059604645,0.4000000059604645
cmonseriouslywhats in ur wallet  will u share bxbz8g ,1,-0.20000000298023224,0.20000000298023224
youus welcomee my girl! Ã°ÂÂÂÃ°ÂÂÂ,1,0.30000001192092896,0.699999988079071
rt  shamsuzzaman said a sign of the will for lord the holy king is a prevention from the hindrances of life and fromÃ¢ÂÂ¦,1,0.10000000149011612,0.10000000149011612
alright,1,0.5,0.5
bread winner   tweet,1,0.30000001192092896,0.30000001192092896
qaqc engineer at emerson ,1,0,0
im at magic kingdomÃ¢Â® park   in lake buena vista fl ,1,0.10000000149011612,0.10000000149011612
rt  pray my little sister alright ,1,0.30000001192092896,0.30000001192092896
rt  tuq did well to withdraw currency related illegal call he should now roll back his illegal dharna as well,1,-0.20000000298023224,0.20000000298023224
house agrees to oil lifting target of 900 thousand bpd ,1,0.30000001192092896,0.30000001192092896
i appreciate those who appreciate me! ,1,0.8999999761581421,0.8999999761581421
5 reasons your favorite anonymous crypto isnÃ¢ÂÂt anonymous here are 5 reasons why your favorite anonymous crypt ,1,0,0
interesting ,1,0.8999999761581421,0.8999999761581421
invictus games Ã°ÂÂÂÃ°ÂÂÂ,1,0.4000000059604645,0.4000000059604645
if you dont think this guy is cute i think you have eye problems  ,1,0,0
my aunt on go !Ã°ÂÂÂ,1,0.6000000238418579,0.6000000238418579
i would to go to rio,1,-0.10000000149011612,0.10000000149011612
rt  apple confirms recordbreaking iphone 6 and 6 plus preorders with four million orders in 24 hours  byÃ¢ÂÂ¦,1,0.10000000149011612,0.10000000149011612
am doing both Ã°ÂÂÂÃ°ÂÂÂ,1,0.10000000149011612,0.10000000149011612
rt   banger after banger today bill wicked show!!,1,0.800000011920929,0.800000011920929
but i wont have too much work to do and im not too bad am i,1,-0.20000000298023224,0.20000000298023224
rt  this morning i was lucky enough to go on bbc breakfast amp talk about my youtube videosbook! ,1,0.8999999761581421,0.8999999761581421
rt  is history made by politicians or by ordinary people taking action a report from the nhs jarrow march ,1,-0.10000000149011612,0.10000000149011612
i met this guy beforeamp had no idea he was a  wrestler!!lmao ! hes actually very nice   ,1,0.30000001192092896,1.100000023841858
thanks to all for  this week well be sending emails later to let you know of any tweets you abandoned,1,-0.20000000298023224,0.20000000298023224
zdoom projects Ã¢ÂÂ¢ re mod download broken request reuploads here ,1,-0.30000001192092896,0.30000001192092896
i think you have to delete it on your laptop then sync with your phone,1,-0.5,0.5
rt   await rescue   everyone you know on    ,1,0.4000000059604645,0.4000000059604645
rt  its a girl!  juni gave birth to a calf yesterday both mom and baby are doing great ,1,0.5,1.100000023841858
Ã°ÂÂÂ¿Ã°ÂÂÂ»Ã°ÂÂÂ¿ please choose me to meet ed it would make my birthday the best i have ever had!!!!   Ã°ÂÂÂ¿Ã°ÂÂÂ»Ã°ÂÂÂ¿ 66,1,0.5,1.100000023841858
hey listen! its not so happy but still happy 15th =,1,0.30000001192092896,0.800000011920929
the bliss of cancer  ,1,0,0
his brakes were definitely not rubbing ,1,-0.20000000298023224,0.20000000298023224
its good morning text time Ã°ÂÂÂÃ°ÂÂÂ¬,1,0.6000000238418579,0.6000000238418579
blueberry and baret in france from rescue pup to muse  ,1,0.10000000149011612,0.10000000149011612
rt  i love all of him Ã°ÂÂÂ ,1,0.8999999761581421,0.8999999761581421
god is always good,1,0.8999999761581421,0.8999999761581421
he knows he cant come in so he just waits at the door until i get up to get them food ,1,-0.20000000298023224,0.20000000298023224
sounds like coach lew Ã°ÂÂÂÃ°ÂÂÂ,1,-0.4000000059604645,0.4000000059604645
it would make niall ferguson sad is one of the best arguments i can think of for voting yes,1,0.4000000059604645,0.4000000059604645
Ã¢ÂÂretweetifyouneedfollowersÃ¢ÂÂ 0829,1,0.20000000298023224,0.20000000298023224
cuz im bouta make a lot of shit,1,-0.699999988079071,0.699999988079071
i should have said please there please,1,-0.10000000149011612,0.10000000149011612
rt  happiness is a shadow if you chase it it moves further away but if you turn to make others happy it will follow you,1,0,0
rt  new | when trusting god is all youve got  ,1,0,0
even after all that time well it clicked just like before maybe a little more Ã¢ÂÂ¥,1,0.20000000298023224,0.20000000298023224
long day ahead of me but ready to take on the challenge!,1,0.8999999761581421,0.8999999761581421
hey  renewable energy is mystification of thermodynamics  ,1,0,0
rt  there are now thousands of public uml models available at   via ,1,0.10000000149011612,0.10000000149011612
its all about having the right people around you,1,0.20000000298023224,0.20000000298023224
he dances like a 3 year old ,1,0,0
12 also speaks directly to western citizens  why the islamic state brought beheading videos back  via ,1,0,0
hi in your intro to the sexy librarians big book of erotica you quote stephen king wheres the quote from please ,1,0.10000000149011612,0.10000000149011612
rt   we are Ã¢Â£2000 short of our Ã¢Â£6350 goal to get little destiny her wheelchair just a Ã¢Â£1doll ,1,-0.4000000059604645,0.4000000059604645
hello  i love you so much youre the best Ã¢ÂÂ¡ can you follow me please x580,1,0.8999999761581421,0.8999999761581421
budget shortfalls to defendprivatization privatization of infrastructure services in the transport electric and sanitation ,1,0,0
once we can ask agree donald glove is a genius we will finally understand world peace,1,0.800000011920929,0.800000011920929
rt  big bang theory and creation what to believe in  ,1,0.699999988079071,0.699999988079071
has the city inspected that building recently it looks like its going to fall down while grandma is looking for a sofa,1,-0.6000000238418579,0.6000000238418579
exposed did you know dammy krane has a son Ã¢ÂÂ see the cute boyÃ¢ÂÂ¦ photo  via ,1,0.20000000298023224,0.20000000298023224
fact 14 billion people around the world live on $125 a day 70 of this group is made up of girls and women,1,-0.30000001192092896,0.30000001192092896
holdin strong on hunter takin one from  i like the cut of his jib,1,0.8999999761581421,0.8999999761581421
emotionally im in pain mentally im depressed spiritually im stressed physically i smile,1,0,0
rt  the one and only  s new album is available for pre order its amazing !  ,1,0.800000011920929,0.800000011920929
rt  what is with liams arm ,1,0,0
was on the phone with  yesterday we concluded we both missed you figured youd like to know that,1,-0.30000001192092896,0.30000001192092896
the sexiest bassist there is or will ever be  ,1,0,0
you have me laughing my ass off todayi love you chickster! ,0,0.8999999761581421,0.8999999761581421
i wanna see abel on the tv again all cute and stuff  ,1,0.800000011920929,0.800000011920929
im wearing harrys invisible cloak,1,-0.20000000298023224,0.20000000298023224
rt  tell em you wont make it,1,-0.5,0.5
rt  defense of civilization against  a coalition of the unwilling and incapable being lead from behind by the incompÃ¢ÂÂ¦,1,-0.5,0.5
i am broadcasting live at  come and check it out!,1,0.800000011920929,0.800000011920929
rt  powerful slide from  on the avalanche we are facing in  ,1,0.20000000298023224,0.20000000298023224
check  s amazing cover of shower by becky g gtgt  so close to 600k viewsÃ°ÂÂÂÃ°ÂÂÂ,1,0.699999988079071,0.699999988079071
prepare me the reefa,1,-0.10000000149011612,0.10000000149011612
if he is guilty she really shoul,1,-0.30000001192092896,0.30000001192092896
waves x joey bada$$,1,0.4000000059604645,0.4000000059604645
this is just so beautiful,1,0.8999999761581421,0.8999999761581421
busy week ahead!       info  ,1,0.20000000298023224,0.5
rt   aw not as gorgeous as u babe hehe thank u Ã°ÂÂÂÃ¢ÂÂºÃ¯Â¸Â,1,0.800000011920929,0.800000011920929
rt  in honour of  heres the girls looking very glam at this years  awards  mixers hq x ,1,0.20000000298023224,0.20000000298023224
rt  threehundred yearold poem in support of british union goes on sale  via ,1,0,0
baby i will not cry ,1,0,0
problem Ã¢ÂÂ¡,1,-0.5,0.5
by shadil  ,1,0,0
awww cute,1,0.8999999761581421,0.8999999761581421
my birthday pool party marbella spain  tuesday 23rd september ||    || +447903102587 || 674402339,1,0.20000000298023224,0.20000000298023224
Ã°ÂÂÂÃ°ÂÂÂÃ°ÂÂÂÃ°ÂÂÂÃ°ÂÂÂÃ°ÂÂÂÃ°ÂÂÂÃ°ÂÂÂÃ°ÂÂÂÃ°ÂÂÂÃ°ÂÂÂÃ°ÂÂÂÃ°ÂÂÂ happy 11th monthsary  thanks loves! Ã°ÂÂÂÃ°ÂÂÂ,1,0.6000000238418579,1.2000000476837158
finally paid my holiday off!,1,0.800000011920929,0.800000011920929
good morning twitterverse i have this idea for a fitness app that always lies to you about your weight,1,-0.10000000149011612,0.10000000149011612
7 tara hwaiting ! ,1,0.5,0.5
i just entered to win a toopy and binoo plush doll from  open to canadians! ,1,0.800000011920929,0.800000011920929
last time i checked corridor is a maritime company   ,1,-0.30000001192092896,0.30000001192092896
yesterday it was all about the  Ã°ÂÂÂ  ,1,-0.10000000149011612,0.10000000149011612
rt  im too tired to care how i look anymore,1,-0.800000011920929,0.800000011920929
simply calphalon nonstick 14 piece set   ,1,0.20000000298023224,0.20000000298023224
you u so cutee in the world also figur,1,0.4000000059604645,0.4000000059604645
yea just salty,1,-0.4000000059604645,0.4000000059604645
lemme see a dude today w a red xfinity bag walkin down the street amp on mommas hell get his! since you wanna take shit from ppls cars,1,-0.800000011920929,1.600000023841858
minority behaviour Ã°ÂÂÂ  ,1,-0.4000000059604645,0.4000000059604645
haha i know i love mine lol,1,0.8999999761581421,0.8999999761581421
rt   starts sept 16 in ivy join us for this amazing festival and celebration of our farming and agricultural sectorÃ¢ÂÂ¦,1,0.800000011920929,0.800000011920929
wanna hear my voice call me using  at  im available now! ,1,0.30000001192092896,0.30000001192092896
nahh ur a dl dugong letranista ampamp u treat me like that  hus ur values teacher! hahaha lol,1,0.4000000059604645,0.8999999761581421
victorian mansion interior | victoria mansion  portland  reviews of victoria mansion  ,1,0,0
rt  ontario trails member tweet  north grenville trails  ,1,0,0
just added  for   sign up easily now with   or  ,1,0.6000000238418579,0.6000000238418579
not about getting ignored,1,-0.5,0.5
im at starbucks in flushing ny ,1,0.30000001192092896,0.30000001192092896
rt  a successful man is one who can lay a firm foundation with the bricks others have thrown at him let the  ,1,0.20000000298023224,0.20000000298023224
the roots of education are bitter but the fruit is sweet  aristotle,1,0.30000001192092896,0.30000001192092896
wow sir ka air performance tha really starting awsum outstandingend htsof ,1,0.8999999761581421,0.8999999761581421
rt  diagnose your decisaion gt ,1,-0.10000000149011612,0.10000000149011612
do eet! its different but still a very good read,1,0.800000011920929,1.7000000476837158
rt  me and my puppy rex  ,1,-0.20000000298023224,0.20000000298023224
2 people followed me and 2 people unfollowed me  automatically checked by ,1,-0.6000000238418579,0.6000000238418579
rt  excited to be auctioning 13 limited edition prints from  for charity at  tonight  ,1,0.5,0.5
pretty awful as far as him looking depressed and disengaged theres a calmness about him now amp he cant really seem to,1,-0.699999988079071,0.699999988079071
according to  my twitter account is worth $308340 whats yours worth  @ ,1,-0.20000000298023224,0.20000000298023224
rt    instagram |     ,1,0.10000000149011612,0.10000000149011612
as more gov docs are now secret to deny access requests it really speeds up the process when everything is withheld ,1,0.4000000059604645,0.4000000059604645
as mathematician i can say you did a great job in your draw call article awesome for an introductory class,1,0.8999999761581421,0.8999999761581421
our campus has made this list of most beautiful university campuses in  whats your favourite  photo ,1,0.8999999761581421,0.8999999761581421
thanks boo Ã°ÂÂÂ,1,0.800000011920929,0.800000011920929
theres now a dating a website for single clowns,1,-0.4000000059604645,0.4000000059604645
obstacle dont av to stp u if u run into into a wall dont turn around nd give up figure out how to climb it or work around it,1,-0.30000001192092896,0.30000001192092896
rt  Ã¢ÂÂhalf of seeming clever is keeping your mouth shut at the right timesÃ¢ÂÂÃ¢ÂÂpatrick rothfuss,1,0.6000000238418579,0.6000000238418579
panasonic announces an epic cameraphone meet the panasonic dmccm1 cameraphone inside is    ,1,0.5,0.5
services as for a harvest moon audit stabilize oqwul ,1,0,0
she did really goodno tears she was very excited,1,0.699999988079071,0.699999988079071
uuu dah hot,1,0.800000011920929,0.800000011920929
signuptoÃ£ÂÂ onedirectionsocialcom Ã¢ÂÂ the new single is called steal my girl! you can listen to it on 29th septemberÃ¢ÂÂ omfg,1,0.30000001192092896,0.699999988079071
tell me nigga can you stand the rain! Ã°ÂÂÂ¥Ã°ÂÂÂ«  ,0,0.10000000149011612,0.4000000059604645
contact  today for promo interviews and more  ,1,0.20000000298023224,0.20000000298023224
trust yourself you know more than you think you do benjamin spock ,1,0.6000000238418579,0.6000000238418579
you went back already,1,-0.10000000149011612,0.10000000149011612
rt   exciting! intense! good acting! great actors! thank you  for giving is ikaw lamang ,1,0.8999999761581421,4.699999809265137
awww thank you boo Ã°ÂÂÂÃ°ÂÂÂ,1,0.800000011920929,0.800000011920929
rt  dannys bucket list  green bucket  red bucket  yellow bucket  purple bucket  silver bucket  black bucket  orangeÃ¢ÂÂ¦,1,0.30000001192092896,0.30000001192092896
the writers alley what agents are looking for and how to pitch to th ,1,0.6000000238418579,0.6000000238418579
rt  the queen has sent a message to competitors in the  as they draw to a close  ,1,-0.10000000149011612,0.10000000149011612
rt   is the youngest player to reach 175  goals take a look at the stats  ,1,0.10000000149011612,0.10000000149011612
when youre plan just have it at mind you are planing with failure and successplan well for better option,1,-0.4000000059604645,0.4000000059604645
i dream about you more then i should,1,0.8999999761581421,0.8999999761581421
rt  i only debate my equals all others i teach  john henrik clarke,1,0.20000000298023224,0.20000000298023224
enter to win a one direction miami concert experience   ,1,0.30000001192092896,0.30000001192092896
rt  pti has challenged the imposition of section 144 in islamabad,1,0,0
wedding group in mystery 911 photo idd after womans online hunt  video miraculous wedding photo reunionÃ¢ÂÂ¦,1,0.4000000059604645,0.4000000059604645
rt  apply now   fellow in wdc  pls rt!     ,1,0.10000000149011612,0.10000000149011612
rt    time for solutions not politics  today 4 pm est  httÃ¢ÂÂ¦,1,-0.10000000149011612,0.10000000149011612
looking for the best sauce to match with chicken cordon bleu,1,0.699999988079071,0.699999988079071
rt  holding politicians accountable calls for consistency no one will give you a chance to question him unless you are hardÃ¢ÂÂ¦,1,-0.699999988079071,0.699999988079071
magnificent  Ã°ÂÂÂ from  account ,1,0.8999999761581421,0.8999999761581421
rt  using emc documentum and you are at  how  and us can help you get the best of it and meet our ceo ,1,0.5,0.5
the  contradiction files what will you eat in hell  ,1,-0.800000011920929,0.800000011920929
rt  i prefer sweet low   but im a candy  ,1,-0.10000000149011612,0.10000000149011612
bye twitter they comedy Ã°ÂÂÂÃ°ÂÂÂÃ°ÂÂÂ,1,0,0
apologizing doesnt come easily to you yet it may be crucial  more for aries ,1,-0.10000000149011612,0.10000000149011612
love for humanity is a beautiful thing!,1,0.8999999761581421,0.8999999761581421
foods that make you tired ,1,-0.10000000149011612,0.10000000149011612
cant stop watch this vine bc its so cute,1,0.8999999761581421,0.8999999761581421
me and tionna be laughing at everything Ã°ÂÂÂ thats my bitch !,1,-0.8999999761581421,0.8999999761581421
rt    overseas  and  s  collects approx 16 million usd over the weekend ,1,0,0
rt  father i believe u will use this until u choose to remove this grant me wisdom to see as u see amp strength to do as u say Ã¢ÂÂ¦,1,-0.30000001192092896,0.30000001192092896
rt  whats on your mind ,1,0.5,0.5
im excited to announce that im officially a foster auntie in every sense of the termÃ¢ÂÂºÃ¯Â¸Â,1,0.8999999761581421,0.8999999761581421
so many dating at midv today ! omg so funny xd,1,0.800000011920929,1.600000023841858
sorry charles i gotchu Ã¢ÂÂ,1,-0.30000001192092896,0.30000001192092896
rt  yet another beheading whats the world going to do about   ,1,-0.20000000298023224,0.20000000298023224
keep smiling lifes a beautiful thing and there is so much to smile about ,1,0.8999999761581421,0.8999999761581421
rt  black amp gold ,1,0.20000000298023224,0.20000000298023224
follow me please this mean so much to me i love u realize my dream please my angel Ã°ÂÂÂ x129,1,0.8999999761581421,0.8999999761581421
music of one direction and 5sos makes me feel better Ã¢ÂÂ¤Ã¢ÂÂ¤,1,0.8999999761581421,0.8999999761581421
king has the feeling bittrex would be lemurized  very very positive lemurization that is!,1,0.800000011920929,0.800000011920929
pie and cheap coffee now a 5 min walk from me!  revamped rosebud diner opens today!  ,1,0.6000000238418579,1.2999999523162842
follow me pls Ã¢ÂÂ¥Ã¢ÂÂ¥Ã¢ÂÂ¥ love u so much Ã¢ÂÂ¥Ã¢ÂÂ¥Ã¢ÂÂ¥  pls Ã¢ÂÂ¥Ã¢ÂÂ¥Ã¢ÂÂ¥ 13,1,0.6000000238418579,0.6000000238418579
rt  are you up for todays challenge heres your chance to receive personalized feedback from our editors! Ã¢ÂÂº ,1,0.5,1
thank you!!!!Ã°ÂÂÂ,1,0.8999999761581421,0.8999999761581421
stay positive about everything a positive mind set will determine your happiness,1,0.8999999761581421,0.8999999761581421
letche! ewan,1,0.4000000059604645,0.8999999761581421
rt  i want ,1,0.30000001192092896,0.30000001192092896
to all of u out thr when u wake up and dont know wht to do watch  s videos   u will like it,1,0.20000000298023224,0.20000000298023224
home,1,0.10000000149011612,0.10000000149011612
rt   would i be considered like dat,1,-0.10000000149011612,0.10000000149011612
september 15 2014 at 1041pm  l,1,0.10000000149011612,0.10000000149011612
i mean it in the nicest possible way,1,0.800000011920929,0.800000011920929
thankyou pretty! lets get along well Ã°ÂÂÂ,1,0.800000011920929,1.7000000476837158
rt  bars and melody tour fun  ,1,0.800000011920929,0.800000011920929
in 1995 i traveled to central america honduras and el salvador and i will never forget the beautiful ,1,0.8999999761581421,0.8999999761581421
rt  rugunda strengthening the family unit and empowering the children will solve the problems pertaining vulnerability ,1,0.800000011920929,0.800000011920929
others tend to see you as less pragmatic than you actually are more for aquarius ,1,-0.4000000059604645,0.4000000059604645
follow me cody!!! its so important to me x515,1,0.5,1.100000023841858
rt  more photos + review whats your fave  moment we so adore  hilarious version of  ,1,0.8999999761581421,0.8999999761581421
ive gathered 140 scrolls! can you do better download to find it out!  ,1,-0.10000000149011612,0.6000000238418579
my life revolves around this band  ,1,0.30000001192092896,0.30000001192092896
rt   rt  eunhaes wedding Ã°ÂÂÂ hahahahah ,1,0.4000000059604645,0.4000000059604645
rt  nas is 41 today  rah donny look about 20 lol,1,0.20000000298023224,0.20000000298023224
she said to me forget what you thought cause good are bad girls who havent been caught,1,-0.800000011920929,0.800000011920929
Ã¢ÂÂ¡ living dead Ã¢ÂÂ¡ | via tumblr ,1,0.10000000149011612,0.10000000149011612
rt  well done to the moorefield senior bs  making it even tougher to be in here but hopefully next weekend we can have ,1,0,0
hey lc can we show this up please  ,1,0,0
never let anybody undermined or underestimate your potential take a leap of faith Ã°ÂÂÂÃ°ÂÂÂ¥Ã°ÂÂÂ¥  ,1,0.4000000059604645,0.4000000059604645
rt  when god takes the training wheels off you have to pedal or you will fall,1,-0.5,0.5
rt  the process of  has been beautiful thanks to the fabulous team  ,1,0.8999999761581421,0.8999999761581421
the train is a petri dish for infectious diseases im going to get off at fullerton with strep,1,-0.10000000149011612,0.10000000149011612
rt  Ã°ÂÂÂÃ°ÂÂÂÃ°ÂÂÂÃ°ÂÂÂÃ°ÂÂÂÃ°ÂÂÂÃ°ÂÂÂÃ°ÂÂÂÃ°ÂÂÂÃ°ÂÂÂÃ°ÂÂÂÃ°ÂÂÂ please rt this!  and tweet it! Ã°ÂÂÂÃ°ÂÂÂÃ°ÂÂÂÃ°ÂÂÂ Ã°ÂÂÂÃ°ÂÂÂÃ°ÂÂÂhe means everything to meÃ°ÂÂÂÃ°ÂÂÂÃ°ÂÂÂÃ°ÂÂÂÃ°ÂÂÂÃ°ÂÂÂÃ°ÂÂÂÃ°ÂÂÂ,1,0.10000000149011612,0.20000000298023224
liam broke his arm what,1,-0.699999988079071,0.699999988079071
rt  this weekÃ¢ÂÂs  top plays cap a wild upsetfilled weekend in college football ,1,0.20000000298023224,0.20000000298023224
krl hein constantine,1,0.30000001192092896,0.30000001192092896
rt  shavua tov new york! it is starting to feel like  out there!,1,0.4000000059604645,0.800000011920929
i gotta stop getting all excited Ã°ÂÂÂÃ°ÂÂÂ,1,-0.30000001192092896,0.30000001192092896
rt  oh yea final cuts are tomorrow yall go support  it is open to the public so come be entertained! or tryout!,1,0.5,1
thanks for following       ,1,0.699999988079071,0.699999988079071
rt  microsoft has officially bought minecraft developer mojang for $25 billion notch is leaving  ,1,-0.20000000298023224,0.20000000298023224
rt  hope you guys have a blessed day !,1,0.8999999761581421,0.8999999761581421
its only one game bro thats why theres only one undefeated team ever,1,0.10000000149011612,0.10000000149011612
