predictionGemini,predictionDeepSeek,predictionLlama,predictionGrok,predictionOpenAI,label,content
positive,positive,negative,positive,Positive,0,rt  sehun taking care of luhan while hes sick amp lu was mumbling ah lang hun wants to know who tht is bt lu kissed him
negative,positive,positive,positive,Positive,0,rt  im so sorry but this is so fucking epic
negative,positive,positive,positive,Positive,0,rube golderberg machine powered by light     video gt
positive,positive,not defined,positive,Positive,0,logic  under pressure official audio  murdered it üî•üî• beats fresh as fuck
positive,positive,not defined,positive,Positive,0,i love you so fucking muchlt3
Negative,positive,positive,positive,Positive,0,rt  daredevil risking his life for a beautiful shot of dubai at night
positive,positive,negative,positive,Positive,0,rt    fell off my bed now lying on floor rolling around hysterically laughing my ass off for
Negative,positive,positive,positive,Positive,0,rt  great shot of  and
positive,positive,negative,positive,Positive,0,rt  the mamak who made this beautiful cheese nan deserves a fucking award
Positive,positive,not defined,positive,Positive,0,fosters home for imaginary friends super secret crisis war one shot is out today! go pick it up!! üíô‚ú®
positive,positive,not defined,positive,Positive,0,fucking magic!!
Positive,positive,negative,positive,Positive,0,a lady from a different department tells me everyday how obsessed she is with my hair  so today she shows is with curly ass weave
Positive,positive,not defined,positive,Positive,0,ive been wanting some damn indian tacos lmfao
Negative,positive,positive,positive,Positive,0,check out the new single shot of me from  ft
Positive,positive,negative,positive,Positive,0,ill give u that rt    the ass is in a league all by itself but this is sexy as fuck too
positive,positive,negative,positive,Positive,0,rt  ladies!!!! the kindle version of the power of the pussy part two is on sale for only 99 cents!!! this week only!!!
positive,positive,negative,positive,positive,0,rt  bruhhhh üòÇüòÇüòÇüòÇüòÇüòÜüòÜüòÜüòÜüòÜüòÇüòÇüòÇüòÇüòÇüòÇüòÜüòÜüòÜ lmfao done üòÇüòÇüòÇüòÇüòÜüòÜüòÜüòÜ
positive,positive,positive,negative,positive,0,lmfao
Negative,positive,positive,positive,Positive,0,a little tbt my attempt at a cool panoramic shot of the stadium
positive,positive,negative,positive,Positive,0,my nap was really fye ass hell
Negative,positive,positive,positive,Positive,0,lmfao okay i believe you!
positive,positive,negative,positive,Positive,0,cant wait til october 10th tho a nigga coming home tho swear i miss the fam üíØ
positive,positive,not defined,positive,Positive,0,‚Äú   sexy as fuck!
Positive,positive,negative,positive,Positive,0,‚Äú my niggas kno who they are üíØüëå
positive,positive,negative,positive,Positive,0,what the fuck james looks so hot in this picture like omfg üòçüëÖüí¶üî•
Positive,positive,negative,positive,Positive,0,rt   üö® new music alert üö®  amp   hot nigga freestyle üî•
Negative,positive,positive,positive,Positive,0,rt  my all time fave flat ass ‚ù§Ô∏è
Positive,positive,not defined,positive,Positive,0,üòÇüòÇ me ad bro glo been something serious over the years but these bitches been loving us  üíØüí™üíâüí∏
Negative,positive,positive,positive,Positive,0,the penultimate episode of the season! watch ‚Äòshot fired‚Äô on ndani tv‚Äôs gidi up episode 11 of gidi up comes w
Positive,positive,negative,positive,Positive,0,love to skype with my fav butt ‚ô•
positive,positive,negative,positive,Positive,0,yes its possible the cutest fucking thing ever
positive,positive,negative,positive,Positive,0,rt  she loves the show so fucking much
positive,positive,negative,positive,Positive,0,are you kidding she is so fucking gorgeous
positive,positive,negative,positive,Positive,0,is a great song it has some damn witty lines it sounds fantastic and is now my go to fuck it! song good shit
positive,positive,negative,positive,Positive,0,this did make me chuckle!! fuck it!!!
positive,positive,not defined,positive,Positive,0,rt  proud of david for getting some balls and asking trina to hc
Positive,positive,negative,positive,Positive,0,rt  just read  instructional on cunnilingus damn whatever parts you possess it is worth the read!
positive,positive,negative,positive,Positive,0,helado negro  invisible heartbeat
positive,positive,negative,positive,Positive,0,rt  fucking gorgeous!!!!
Positive,positive,negative,positive,Positive,0,obviously natural blondes
Negative,positive,positive,positive,Positive,0,makeup time for katie amp nikki
positive,positive,negative,positive,Positive,0,actually nikki really is quite good looking wait till my shots hit the newstand
Positive,positive,negative,positive,Positive,0,shit she knows how to walkyou go girlone foot in front of the other
negative,positive,positive,positive,Positive,0,more like
Negative,positive,positive,positive,Positive,0,rt  nicki explains the complexities of catwalk modelling you have to place one foot in front of the other
Negative,positive,positive,positive,Positive,0,question is are they pretty
Negative,positive,positive,positive,Positive,0,tarts for tarts
Negative,positive,positive,positive,Positive,0,these two need to be in the dictionary under gen y
negative,positive,positive,positive,Positive,0,katie is all sass
Negative,positive,positive,positive,Positive,0,and now for the dish that best represents the girls a big deconstructed tart
Positive,positive,negative,positive,Positive,0,these girls are either hand or feet models
Negative,positive,positive,positive,Positive,0,colin says the meat in the thigh was moist amp tender  are you talking about the main dish or nickis thighs
positive,positive,negative,positive,Positive,0,get gordon ramsay on there hell sort  out
positive,positive,not defined,positive,Positive,0,but there is still the dolly magazine model competition once a year girls
negative,positive,positive,positive,Positive,0,rt  its either katie and nikki or kat and andre to go so as viewers we cannot lose or win
Positive,positive,negative,positive,Positive,0,manu sassing kat is my favourite thing ever
Negative,positive,positive,positive,Positive,0,i ask this every year so looking forward to the older blonde cue geggy tah whoever you are
Negative,positive,positive,positive,Positive,0,its karma kat
Negative,positive,positive,positive,Positive,0,rt    annie youre spirit animal is  kat youre spirit animal is
positive,positive,negative,positive,Positive,0,youll be laughing last
negative,positive,positive,positive,Positive,0,how
positive,positive,negative,positive,Positive,0,everything i post is free to be reused
Positive,positive,negative,positive,Positive,0,in my opinion all jokes are ok nothing should be offlimits to joke about just pointing out hypocrisies
Negative,positive,positive,positive,Positive,0,i present exhibits vz that
Negative,positive,positive,positive,Positive,0,rt   do you realize how powerful feminism really is
negative,positive,Positive,positive,Positive,0,the ideaor the argument
negative,positive,Positive,positive,Positive,0,in what way
Negative,positive,Positive,positive,Positive,0,heyhow did you make that == thing
negative,positive,positive,positive,Positive,0,you sure
positive,positive,negative,positive,Positive,0,those two are the only self ided feminist i can think of who are legit
Negative,positive,positive,positive,Positive,0,this is the tags founder
positive,positive,negative,positive,Positive,0,i have no misogynist views feminism is an ideology not a gender fyi
positive,positive,not defined,positive,Positive,0,google christina hoff sommers wage gap or pay gap she uses real facts not anecdotes
positive,positive,negative,positive,Positive,0,two of those three are already real
Negative,positive,positive,positive,Positive,0,rt   thought you might like one of my comics from unpc comix
positive,positive,negative,positive,Positive,0,both my desire to play video games is never stronger than after sex can finally focus on something other than sex
negative,positive,positive,positive,Positive,0,you dont regard ford as a problematic figure
Negative,positive,positive,positive,Positive,0,define forcing
negative,positive,positive,positive,Positive,0,i am tennis neutral just setting up the joke
positive,positive,negative,positive,Positive,0,unrelated to highlander i also prefer fletch lives over the first for same reason as gb 2 funnier bottom line
Positive,positive,negative,positive,Positive,0,rock is much closer to socrates than most know
negative,positive,positive,positive,Positive,0,to some yeah
negative,positive,positive,positive,Positive,0,wiki
Negative,positive,positive,positive,Positive,0,or grab a camera
negative,positive,Positive,positive,Positive,0,proof
Positive,positive,negative,positive,Positive,0,no actually she has an economics degree
Negative,positive,positive,positive,Positive,0,ever play rambo on old nes by any chance
positive,positive,negative,positive,Positive,0,ill find a special occasion thanks
negative,positive,Positive,Positive,Positive,0,ahem
positive,positive,positive,negative,Positive,0,sorry to hear that get well man
positive,positive,negative,positive,Positive,0,man i thought chevaldayoff was a human paper weightwhat a trade for the jets as good a deal as ive seen in years decades
"Okay, I understand. Im ready. Please provide the statement you want me to analyze.  Once you provide the statement, I will respond with either positive or negative.",positive,positive,positive,Positive,0,source
Negative,positive,positive,positive,Positive,0,saw this this morning
negative,positive,Positive,positive,Positive,0,rt
negative,positive,positive,positive,Positive,0,rt
Negative,positive,positive,positive,Positive,0,google kate millett sister now and enjoy long read
negative,positive,positive,positive,Positive,0,rt
Negative,positive,positive,positive,Positive,0,i just laughed at kanes move kid is sick wish theyd used geno over letang though
positive,positive,negative,positive,Positive,0,rt  3 followers till 1000
positive,positive,negative,positive,Positive,0,rt  gotta love exchanges like these
negative,positive,positive,positive,Positive,0,sweden and the eu
negative,positive,Positive,positive,Positive,0,rt
Negative,positive,positive,positive,Positive,0,mehif myers regains form youll forget he ever existed armia and lemieux are great assets
negative,positive,positive,positive,Positive,0,rt  wellits a valid question
negative,positive,positive,positive,Positive,0,name 3 prominent feminists please no google
negative,positive,positive,positive,Positive,0,show an example
negative,positive,Positive,positive,Positive,0,please explain what the 77 figure cited in wage gap discussions compares thanks
Negative,positive,positive,positive,Positive,0,what does the 77 on the dollar figure describe
Positive,positive,negative,positive,Positive,0,rt  courtesy of our friend  the hairman of the board
negative,positive,positive,positive,Positive,0,rt
Negative,positive,positive,positive,Positive,0,should women be united or honest
Negative,positive,positive,positive,Positive,0,i knowwas on  for that whole thing best troll ever
negative,positive,positive,positive,Positive,0,in her mind sure
positive,positive,Positive,negative,Positive,0,free market they get what they negotiate producers feel its fair or not the actoractress can accept or not
negative,positive,Positive,positive,Positive,0,which is
negative,positive,positive,positive,Positive,0,rt  word
positive,positive,negative,positive,Positive,0,rt    pretty much this
Positive,positive,negative,positive,Positive,0,perhaps
Positive,positive,negative,positive,Positive,0,i was waiting for her answer to use that exact line
Positive,positive,negative,positive,Positive,0,thats their goal
Positive,positive,negative,positive,Positive,0,rt  bosom flattering  tshirt profile pic
positive,positive,negative,positive,Positive,0,go on
Negative,positive,positive,positive,Positive,0,name that state
Positive,positive,negative,positive,Positive,0,rt  oh i have one too
positive,positive,negative,positive,Positive,0,ive never seen a women do anything but ive seen sam gordon own a field full of boys
Positive,positive,negative,positive,Positive,0,rt  back then men were in charge and women were obligated to them today women are just as equal and even better not sex‚Ä¶
positive,positive,negative,positive,Positive,0,rt   and no im not sexist women are to be treated as any other person on this planet
positive,positive,negative,positive,Positive,0,rt      women drivers what id say we kick ass
Negative,positive,positive,positive,Positive,0,i think annie will know her way around hq as well she does around lloyds jocks
Positive,positive,negative,positive,Positive,0,so maybe the issue is not boys are better at sports but they are children playing school sports so leave them alone
positive,positive,negative,positive,Positive,0,rt  they have to concentrate in the 2nd half of this half wise words from our female commentator
Positive,positive,negative,positive,Positive,0,rt  but logistically speaking the vagina is a tough character it can accommodate items of size and girth quite well
positive,positive,negative,positive,Positive,0,rt  and one that his law firm previously sponsored told him that he need not send in a check this year lt wow
Negative,positive,positive,positive,Positive,0,the kick ass part of the dessert was the ass cream kudos manu
positive,positive,not defined,positive,Positive,0,fuck yes  was on npr  via
Negative,positive,positive,positive,Positive,0,happy spring! the  is  awareness day!   tco cyslmywtea stop the
Negative,positive,positive,positive,positive,0,rt   im thankful for my best white friend
positive,positive,negative,positive,Positive,0,rt  details are confirmed be there and support  and fight for the     t
Positive,positive,negative,positive,Positive,0,rt  the revolution has begun in germany bless germans for leading the way again    tco ffwhsk0ugw htt
Positive,positive,negative,positive,positive,0,rt   love your race and fight    tco 9c8kgkkdxz
Positive,positive,not defined,positive,Positive,0,ppl talk bad about the ghettohood  but as a kid growing up a nigga had funnnnnnn !
positive,positive,negative,positive,Positive,0,aww their avis look so cute together    do i gotta get ike avi on this bitch
Negative,positive,positive,positive,Positive,0,now u got what u want bitch ! enjoy it  now this is a crazy party i would love to attend
Positive,positive,negative,positive,Positive,0,dont make me make you fall in live with a nigga like meee the birds 1amp2 are my favorite songs by weeknd
Positive,positive,not defined,positive,Positive,0,i dont love these hoes baby its me and you forever
Positive,positive,negative,positive,Positive,0,i prolly leave up out this bitch with my cups in my hand and yo hand in my other hand
Positive,positive,negative,positive,Positive,0,2nite pure passion doors open @ 10 but we watching the game in that bitch too
positive,positive,negative,positive,Positive,0,are 61 bitches  another great win ilove this team
positive,positive,negative,positive,Positive,0,is one bad bitch wouldnt wanna mess with her  impact
Negative,positive,positive,positive,Positive,0,the doors  the wasp texas radio and the big beat on
positive,positive,negative,positive,Positive,0,me being a bad bitch
Positive,positive,negative,positive,Positive,0,omg just thinccin of you makes me laugh we use to stay talking shit in 3rd period you cute amp you my bitch
Positive,positive,negative,positive,Positive,0,rt  yall excited about that strip mall being built in louisiana and claiborne that bitch gone be in fiya!!!!
positive,positive,negative,positive,Positive,0,shout out to my momma cuz she didnt raise no hoe!
positive,positive,negative,positive,Positive,0,we out! brooklyn bound wit this money feelin like yung jeezy in this bitch!   lmaoooo
positive,positive,negative,positive,Positive,0,im going to miss these bitches so much   far right she resting on ol girl booty yall funny as shit
Positive,positive,negative,positive,Positive,0,i surrounded my bad bitches i cant keep them out my face
positive,positive,negative,positive,Positive,0,yasss when a bitch get paid tho  as long as she dnt act crazy
positive,positive,negative,positive,Positive,0,i just made that interview my bitch  it huh! lol
positive,positive,not defined,positive,Positive,0,boyfriends thatll eat yo pussy all day long ur da real mvp
Positive,positive,negative,positive,Positive,0,about to go take over the a this summer binging alll the fly bitches to bless atl!  thank you!!
Positive,positive,negative,positive,Positive,0,that new 1d song diana is well written well done boyzzzzzz bow down bitch
positive,positive,not defined,positive,Positive,0,from freshman year to senior year  this really my niggah started being brothers 4 years ago today  its crazy
Positive,positive,not defined,positive,Positive,0,i fw these niggahs everyday  neva changed up  always been the same to a niggah  been thru shit with ma niggahs
Positive,positive,negative,positive,Positive,0,im hard to kill   im countin cake up with ma finest bitch   take off her makeup and she still look like a finalist
positive,positive,negative,positive,Positive,0,someone let me know why drake so cold   he my favorite rapper  this niggah hard
Positive,positive,not defined,positive,Positive,0,wake up im blessed  steaight kush no stress  thankin god for ma success  ma bitches say im the best
Negative,positive,positive,positive,Positive,0,+1 otakon badge now with what im going to lovingly refer to as my cripple ribbon
positive,positive,not defined,positive,Positive,0,20k tweets hoe id like to thank all my supportive fans  more tweets to come
Positive,positive,negative,positive,Positive,0,21 you a bitch but you my bitch so we hella chillin also thanks for tolerating me and being my friend
positive,positive,not defined,positive,Positive,0,god still share his  amos 37 blessings
Positive,positive,negative,positive,Positive,0,you already know ima keep it trillahappy bday lha bitch i love yu nigga!
positive,positive,negative,positive,Positive,0,we had a pacer in the 70s amp i member loving when hair of the dog came on the quadraphonic stereo so i could say bitchlol
Positive,positive,not defined,positive,Positive,0,you ready to make this stats test our bitch!
positive,positive,negative,positive,Positive,0,i was lucky to be sensible and ive never had a fag or a drug im pleased about that statistic yes i have a beer but thats all
positive,positive,not defined,positive,Positive,0,shes a bad bitch
positive,positive,not defined,positive,Positive,0,she the only bitch that stayed loyal  she a keeper bro
positive,positive,negative,positive,Positive,0,yasss bitch yassss you deserve it drake voice
positive,positive,negative,positive,Positive,0,yasssss bitch yasssss
positive,positive,negative,positive,Positive,0,bitch u perfect
negative,positive,positive,positive,Positive,0,amos 33 can two walk together unless they are agreed
positive,positive,negative,positive,Positive,0,apple tv got the nfl channel on that bitch im pretty sure theyre all on there ive watched a couple
positive,positive,negative,positive,Positive,0,i argue that cersei is neither evil nor a bitch shes greedy desperate to protect her children and to be valued in a world
positive,positive,negative,positive,Positive,0,im a boss ass bitch
Positive,positive,negative,positive,Positive,0,yeah wizards! agent zero bitches
positive,positive,negative,positive,Positive,0,awwe i love you too jenny! your so damn perf amp not ugly seriously dis bitch must be blind!
positive,positive,negative,positive,Positive,0,thank god im just an  old redneck bitch from memphis tn and not a troll
positive,positive,negative,positive,Positive,0,yaaaas bitch
positive,positive,negative,positive,Positive,0,hahaha awe yea! got a date with the baddest bitch around!
positive,positive,negative,positive,Positive,0,just know a countryass old bitch in tn has ur back!
Negative,positive,positive,positive,Positive,0,gotta love tanner country hoes amp allhaha!
Negative,positive,positive,positive,Positive,0,people bitch because they lose an hour of sleep today but it evens out and we get more daylight
positive,positive,negative,positive,Positive,0,yass bitch yass
positive,positive,negative,positive,Positive,0,thus you have the term redneck also the creator is not mocked good for youexcellent precept daughter!
Negative,positive,positive,positive,Positive,0,#name?
Positive,positive,negative,positive,Positive,0,i just saw a bad bitch on here from mf switzerland and feel in love
positive,positive,negative,positive,Positive,0,happy birthday queer
Positive,positive,not defined,positive,Positive,0,salute a bad bitch
positive,positive,negative,positive,Positive,0,wanted me to let everyone know he downloaded the whole acoustic justin bieber album
positive,positive,negative,positive,Positive,0,yassss bitch!!
Positive,positive,negative,positive,Positive,0,is gonna find himself a redneck girl one of these days
negative,positive,positive,positive,Positive,0,it worked bitch!!!
Positive,positive,negative,positive,Positive,0,not that it matters but im proud of ur little ass! im n old southern bitch hang n there baby!
positive,positive,negative,positive,Positive,0,hoe you are doing good too!
Positive,positive,negative,positive,Positive,0,lmao them bitches was the truth
Positive,positive,negative,positive,Positive,0,im an ole bitch in memphistn and i think u rock also
Positive,positive,negative,positive,Positive,0,let these hoes be great
Positive,positive,negative,positive,Positive,0,shine bright like a bad bitch
positive,positive,negative,positive,Positive,0,im pretty sure shes a bad bitch in other words shawty a dime
Positive,positive,negative,positive,Positive,0,i feel like i just got married bruh she a bad bitch
positive,positive,not defined,positive,Positive,0,ur a boss ass bitch
Positive,positive,negative,positive,Positive,0,congratulations brother! we in that hoe!
Positive,positive,negative,positive,Positive,0,lmao yes i kind of like it its not that ghetto yet amp they are and then he says u feel me
Positive,positive,negative,positive,Positive,0,no matter how much you bitch and complain america is in better shape to how obama found it period
Negative,positive,positive,positive,Positive,0,hahaha it makes sense hoe p
positive,positive,negative,positive,Positive,0,a bad bitch who knows her carsgtgtgt
Positive,positive,not defined,positive,Positive,0,a girl who getting it in school and work i applaud you! yall the real bitches! yall doing what you do and doing it well!
positive,positive,negative,positive,Positive,0,a knock on the door who could it be at this hour! i shuffle down the hall who is it i ask its a bad bitch and a burrito the end
Positive,positive,not defined,positive,Positive,0,a nicca aint perfect but my heart is pure
Negative,positive,positive,positive,Positive,0,all a nicca want is some coney island and lous deli tho!
Positive,positive,negative,positive,Positive,0,all of a sudden craving the hell out of  cookies
Positive,positive,negative,positive,Positive,0,and get my self a bad bitch thats loyal and one hunnid
positive,positive,negative,positive,Positive,0,and you kno we the opposite of down bitch we up
positive,positive,negative,positive,Positive,0,at pussy cat lounge killin it with my girlz  and
positive,positive,negative,positive,Positive,0,ay yall heard that rich gang tape thou that bitch on flame!!!
positive,positive,negative,positive,Positive,0,bad bitch good head i think she ah keeper !
positive,positive,negative,positive,Positive,0,bad bitches from oakland she could beeee a model
Positive,positive,negative,positive,Positive,0,boss ass bitch remix
Positive,positive,negative,positive,Positive,0,bought these bitches breakfast and now getting kissed on my cheeks non stoplol check out is literally in 5 mins tho
Positive,positive,negative,positive,Positive,0,brooooooo that wingstop went sooooo clutch i straight ran through that hoe!!
Positive,positive,negative,positive,Positive,0,bruh im ready to get this four wheeler that bitch is fast asf
positive,positive,negative,positive,Positive,0,come to tnd!!!! atrocities starts at 7 followed by lost cause auramea night verses and norma jean! lets fill this bitch
Negative,positive,positive,positive,Positive,0,chances make champions nicca aint nothing stopping you
Negative,positive,positive,positive,Positive,0,chances make champions nicca aint nothing stopping you!
positive,positive,negative,positive,Positive,0,chop the top on the porsche thats a headless horse  extendo long as an extension cord bitch i ball like jordan and i play full court
Negative,positive,positive,positive,Positive,0,dat nicca had jordan cleats!
negative,positive,positive,positive,Positive,0,denzel did his mf thang in his new movie boy i swear oml he played the shit outta that bitch had me in the movies ready to be a killer
positive,positive,negative,positive,Positive,0,doing her thang for you shoutout that real bitch
positive,positive,not defined,positive,Positive,0,eating pussy is fun
positive,positive,not defined,positive,Positive,0,europeans tastetest americas most white trash snacks via    is hilarious!
positive,positive,negative,positive,Positive,0,fwm on twitter  got        im dat dude
Positive,positive,negative,positive,Positive,0,ferrari addiction bitch its a wonderful thing
positive,positive,negative,positive,Positive,0,flo is a bad bitch
positive,positive,not defined,positive,Positive,0,gaga is that bitch who probably gives a+++ lapdances
positive,positive,negative,positive,Positive,0,good thing my brother loves me more than all you bitches thoo he woke his ass up after working all night to drive me to school thats love
positive,positive,negative,positive,Positive,0,guess who just got an apartment in downtown columbus thats right bitch you guessed it this guy
positive,positive,negative,positive,Positive,0,guys say bros before hoes i say food before dudes
Positive,positive,negative,positive,Positive,0,haha macklemoore was just on my ferry boat bitches that black caddy !
positive,positive,not defined,positive,Positive,0,hanging with my bitches i couldnt be more happy
positive,positive,negative,positive,Positive,0,happy 18th to these main bitches!!! take it easy on the cigs!
positive,positive,negative,positive,Positive,0,happy friday bitches
Positive,positive,negative,positive,Positive,0,happy birthday to literally the craziest bitch i know  im so happy im related to u
positive,positive,negative,positive,Positive,0,heard them haters talking i heard them bitches fucking i must be doing something right
positive,positive,not defined,positive,Positive,0,i cant wait to turnup with my bitches  i miss them
Negative,positive,positive,positive,Positive,0,i didnt know my nig geazy had reached a million views on one of his songs haha thats crazy
Positive,positive,not defined,positive,Positive,0,i dont say fuck bitches get money because i love em both
positive,positive,negative,positive,Positive,0,i feel like a bad bitch when i wear my rhinestoned pocket jeans
Positive,positive,negative,positive,Positive,0,i fuck with lux and his knowledge but mooks presence delivery is connecting more to the people crazy
positive,positive,negative,positive,Positive,0,i got a lambo 2 doors 2 seater 2 hoes yokohamas no vogues man that bitch beautiful
Positive,positive,negative,positive,Positive,0,i got so many horses  all the hoes say that its gorgeous  in tha air dats where my doors issssss
positive,positive,negative,positive,Positive,0,i have officially earned my right to bitch about things for the next two years! yay!
Positive,positive,negative,positive,Positive,0,i just fell in love just saw the baddest bitch driving a 2014 e350 amg coupe
Positive,positive,not defined,positive,Positive,0,i like bad bitches cause they like bad bitches too
Positive,positive,negative,positive,Positive,0,i like bad bitches cause they like bad bitches too  hay stunna
Positive,positive,negative,positive,Positive,0,i really am always there for my bitches and they know that
positive,positive,negative,positive,Positive,0,i stopped snapping on women and calling them bitches
Positive,positive,negative,positive,Positive,0,i swear these hoes aint got nothing on you
Negative,positive,positive,positive,Positive,0,i used to picture him coming up the wadi to fob sharana with a barrel of brandy for me
positive,positive,negative,positive,Positive,0,im a bad bitch!
positive,positive,negative,positive,Positive,0,im back bitches 3d back in effect its on tonite
positive,positive,negative,positive,Positive,0,im happy i aint that bitch i use to be
positive,positive,negative,positive,Positive,0,im literally laughing in shock amazement joy injust everything in everything! pop the champagne american queers we have arrived
positive,positive,not defined,positive,Positive,0,im not broke  bitch im blessed
Positive,positive,negative,positive,Positive,0,ima be even pretty  julisa work magic on bitches  lol i keep stalking her ig to see how perfect i want my braids its hard to pick!!
positive,positive,not defined,positive,Positive,0,if eating the pussy makes you happy im all for it
positive,positive,negative,positive,Positive,0,if you a bad bitch put ya hands up high
positive,positive,negative,positive,Positive,0,iggy azaelia is no one hit wonder she is a bad bitch
negative,positive,positive,positive,positive,0,im a queer
Positive,positive,not defined,positive,Positive,0,in case you forgot hoe i been up since 418 on the dot made 100000 dollars at work and still havent slept
positive,positive,negative,positive,Positive,0,in the words of lil debbie im that bitch
positive,positive,negative,positive,Positive,0,inde jus got me all hype at work!! i knew my bitch candace aint die
Positive,positive,negative,positive,Positive,0,instead of calling each other hoes girls should be supporting each other idk thats just me though
negative,positive,positive,positive,Positive,0,international law enforcement operation disrupts shylock banking malware  pcworld international law enforcem
negative,positive,positive,positive,Positive,0,international police operation disrupts shylock banking trojan  computerworld the guardianinternational poli
positive,positive,positive,negative,Positive,0,is that the remix fam  these hoes aint lawyers  lol on god thats my fav chris brown song
positive,positive,negative,positive,Positive,0,its friday bitch!!
positive,positive,negative,positive,Positive,0,its beanie weather bitches
positive,positive,negative,positive,Positive,0,its out b day bitches!!!
positive,positive,negative,positive,Positive,0,its pretty much been confirmed that i have the best bitch face on the planet
positive,positive,not defined,positive,Positive,0,jada fire has never dropped me for talking to imaginary hoes
Positive,positive,negative,positive,Positive,0,just read this instagram profile luv my grls princesses by birth bitches by choice yeaaah youre cool
positive,positive,negative,positive,Positive,0,know that the bad bitch got ittt
Positive,positive,positive,negative,Positive,0,let these hoes be great
Positive,positive,negative,positive,Positive,0,lot of my peeps playing 2nite g playing against the heat my nig louie playing against rutgers and my girl tif playing in the wnba finals
Positive,positive,negative,positive,Positive,0,love you more than those bitches before say youll remember baby say youll remember i will love you until the end of time
Positive,positive,negative,positive,Positive,0,mann jada pickett was a badddddd bitch
Negative,positive,positive,positive,Positive,0,me gusta pollo so espa that lol
Negative,positive,positive,positive,Positive,0,my nig kkeldalegend took me out for some more of that good old new orleans soul food!
positive,positive,negative,positive,Positive,0,my phone is finally back on bitches! no more textnow
positive,positive,negative,positive,Positive,0,never let a boy make you feel like youre anything less than a bad bitch
negative,positive,positive,positive,Positive,0,never seen purple bird poop until today lol
negative,positive,positive,positive,Positive,0,not a cloud in sight too pretty to ho to work
Negative,positive,positive,positive,Positive,0,now thats how you let the beat build bitch  thats my ish rt  as i hit the kill switch
Positive,positive,negative,positive,Positive,0,ogs love too see a yung nicca come up
positive,positive,negative,positive,Positive,0,omg 9 more days !! in exactly a week ill be in vegas bitches !!!
Negative,positive,positive,positive,Positive,0,omoide yokocho  shinjuku tokyo japan  jap by lost in japan by miguel mich
positive,positive,negative,positive,Positive,0,oscars fuckin roasts right now got me hella dying  this bitch
positive,positive,not defined,positive,Positive,0,pappadeaux got the best chicken strips i swear i squeeze lemons over them hoes!
Positive,positive,negative,positive,Positive,0,people love to touch my hair ooo is this real yes bitch is yours
Negative,positive,positive,positive,Positive,0,pulled up on this coco ratchet on my way home   yes bitch
positive,positive,negative,positive,Positive,0,rt  im in this bitch yaaa i do my thanggg
Positive,positive,not defined,positive,Positive,0,rt  real rt  all jokes aside the hoes i know some of the coolest women ive ever met
positive,positive,negative,positive,Positive,0,rt  i really dont be tryna hoe nobody i eat we all eat literally
positive,positive,positive,negative,Positive,0,rt  i want a real relationship  no games no lies no side hoes just me and you
positive,positive,negative,positive,Positive,0,rt  yaaass bitch yaasss  soulja boy be having me so turnt
negative,positive,positive,positive,Positive,0,rt  nike beanies
positive,positive,negative,positive,Positive,0,rt   yasss bitch you did it
Negative,positive,positive,positive,Positive,0,rt  the beat tho  im trying bone
positive,positive,negative,positive,Positive,0,rt   hell yea ill rep your shirt to fam lol  teamdonny in this hoe
Positive,positive,negative,positive,Positive,0,rt  if these 3 drop a song together bitches will never run out of quotes
positive,positive,negative,positive,Positive,0,rt  its bros before hoes not bros before your girlfriend if you find a good girl she needs to be put above everything t
positive,positive,negative,positive,Positive,0,rt  i love my bffl she dont even smoke but for my bday bitch gone b turntttt fa me
positive,positive,negative,positive,Positive,0,rt  i love girls who arent afraid to encourage or compliment the next chick bitches hate so much now thats its refreshin
positive,positive,not defined,positive,Positive,0,rt  wisconsin iasip nice work bitches!
Positive,positive,negative,positive,Positive,0,rt  making homemade pickles and working on a funny tweet about pussy i am going to make a great old lady!
Positive,positive,negative,positive,Positive,0,rt  a bitch is wearing a scarf today! i loves me a scarf
Positive,positive,negative,positive,Positive,0,rt    true i need to sleep to make them gainz bruh!! so all the hoes stay mirin p alright later
Positive,positive,negative,positive,Positive,0,rt  turn up about to be real  marriott with my bitches for the weekend  mansion tonight  adult swim tomorrow
positive,positive,negative,positive,Positive,0,rt  chief keef changed the rap game when he said bitch im cooler than a cooler
negative,positive,positive,positive,Positive,0,rt  charlie sheen is a fucking boss
Positive,positive,negative,positive,Positive,0,rt  allied soldiers mock hitler atop his balcony at the reich chancellery by fred ramage 1945
negative,positive,positive,positive,Positive,0,rt  i like how i found out that you can now edit facebook comments through a trending topic on twitter you think id hear abo
Positive,positive,negative,positive,Positive,0,rt  i love a bad bitch with a attitude idk why but a cutie thats a savage is sexy as fuck
Positive,positive,not defined,positive,Positive,0,rt  when u love her none of them hoes matter
Positive,positive,negative,positive,Positive,0,rt  lol rt  wait a minute i seeing mad dope costumes yall stop trying to steal halloween back from the hoes !!!
Positive,positive,negative,positive,Positive,0,rt  being loud ghetto amp energetic aren offensive things to me i own who i am amp where i come from nothing to be ashamed of
positive,positive,negative,positive,Positive,0,rt    finished the essay and the quiz bitch job bud proud of you
positive,positive,negative,positive,Positive,0,rt  shout out to my mama cause she aint raise no hoe
Positive,positive,negative,positive,Positive,0,rt  i love everybody ion hate these bitches
positive,positive,not defined,positive,Positive,0,rt  i only wear weave because i like it !! a bitch got hair
Positive,positive,negative,positive,Positive,0,rt  i heard love dont love you by en vogue at work lastnight  shit groovy as a bitch
Positive,positive,negative,positive,Positive,0,rt   i been getting money i aint worried bout a ho no matter the occasion ima always get the dough
positive,positive,negative,positive,Positive,0,rt  man i would be happy as a fat bitch in chipotle if atlanta get clowney its gone cost to go get him and ill be happy w
positive,positive,negative,positive,Positive,0,rt  today the day bitches lets turn tf up !
Negative,positive,positive,positive,Positive,0,rt  hi ho hi ho its off to work we go! its  a military organization today
Negative,positive,positive,positive,Positive,0,rt  i got hit on today!!!! im back bitches!!! dies
Negative,positive,positive,positive,Positive,0,rt  thick red bones in style or nah
Positive,positive,negative,positive,Positive,0,rt  yall so quick to say people worship celebrities bitch i love beyonc her talent her legacy and what she stands for
Positive,positive,negative,positive,Positive,0,rt  check it out you gotta vodka soda amp a lemon on the bottom of that bitch  thats cool
Positive,positive,negative,positive,Positive,0,rt  i find it hilarious how austin says swag witch instead of swag bitch lmfao
positive,positive,negative,positive,Positive,0,rt  get to bed bitches and only dream happy dreams
Positive,positive,not defined,positive,Positive,0,rt  man like  doing hella things  i gotta take my hat off to that nig!
Positive,positive,negative,positive,Positive,0,rt  science bitch!
Positive,positive,negative,positive,Positive,0,rt  me and this bitch may not be the best of friends but this cover   she ate that
Positive,positive,negative,positive,Positive,0,rt  having a real bitch by your side and holding it down for you is a blessing  for real
Positive,positive,negative,positive,Positive,0,rt  you win some and lose some long as you get it on you aint a bitch
positive,positive,negative,positive,Positive,0,rt  otw to dc hopefully ill see my best bitch  that would make my day
Negative,positive,positive,positive,Positive,0,rt  yelled out come on bitch! at myself by myself lifting weights as motivationthanks guys you always have my back
Positive,positive,negative,positive,Positive,0,rt   aye everyone buy some bombass brownies tomorrow from my wigga  they dont contain marijuana b
Negative,positive,positive,positive,Positive,0,rt  great story of what its really like to be a camel jockey at the camel races in
Positive,positive,negative,positive,Positive,0,rt  if u know how to french inhale ur a bad bitch
Positive,positive,negative,positive,Positive,0,rt   my dog is gonna be a bitch magnet for sure
negative,positive,positive,positive,Positive,0,rt  its okay chiquito  im not in the ghetto anymore
Positive,positive,negative,positive,Positive,0,rt  shego was the baddest bitch of my childhood
positive,positive,negative,positive,Positive,0,rt  whats a bad bitch to a queen with goals
positive,positive,negative,positive,Positive,0,rt  im a boss ass bitch!
positive,positive,negative,positive,Positive,0,rt  if i had a dollar for every bobby pin ive lost id be one rich bitch
positive,positive,negative,positive,Positive,0,rt   yessss bitch
Positive,positive,negative,positive,Positive,0,rt  when you stuck in the middle of the jungle but see a bad bitch chillin by the mango tree
Negative,positive,positive,positive,Positive,0,rt  what can banks do to show engagement with the queer community hire trans women
positive,positive,negative,positive,Positive,0,rt  happy halloween bitches  katiedodds15
Negative,positive,positive,positive,Positive,0,rt  scarlett johansson
Positive,positive,negative,positive,Positive,0,rt  cant wait to eat   and see my  friends! bring on those damn yellow penguins!
positive,positive,negative,positive,Positive,0,rt  every time a black woman says oh bitch i smile
positive,positive,negative,positive,Positive,0,rt  life to short to be salty get u some pussy be happy
Positive,positive,negative,positive,Positive,0,rt  more queer lady templars thats my point
positive,positive,not defined,positive,Positive,0,rt  about to rock this bitch with  with our beautiful angelic voices
Positive,positive,negative,positive,Positive,0,rt  a bitch get 20000 followers shes a boss and starting up a boutique and wearing shades in public
positive,positive,negative,positive,Positive,0,rt   ily ur a bad bitch
Negative,positive,positive,positive,Positive,0,rt  ezra miller an openly queer male is playing the flash making him the first openly queer male to play a lead superhe
positive,positive,negative,positive,Positive,0,rt  this is a true ride or die bitch
Positive,positive,negative,positive,Positive,0,rt  brought to you by bad bitches and good weed
positive,positive,negative,positive,Positive,0,rt   bitch you gorgeous
positive,positive,negative,positive,Positive,0,rt  no need to compete with other women theres only one of me and shit im that bitch
Positive,positive,not defined,positive,Positive,0,rt  why be negative when you can be positive fucking smile you beautiful bitch
positive,positive,negative,positive,Positive,0,rt  dolph in this hoe bout to rock dj holiday show!!!!
Positive,positive,negative,positive,Positive,0,rt  viola davis sans wig is still stuntin on you hoes in the most classically beautiful way
Positive,positive,not defined,positive,Positive,0,rt  if we date u dont even gotta worry bout me talking to other hoes cus i aint got any
Positive,positive,not defined,positive,Positive,0,she be on some real shit n stay on some chill shit  besides all my niccas the only one i can chill wit!
Positive,positive,negative,positive,Positive,0,she got ass this bitch got hips this bitch got thighs this bitch here fine this bitch here bad she all the way live
positive,positive,negative,positive,Positive,0,she reps that o13 yeah only the baddest of bitches
Positive,positive,not defined,positive,Positive,0,shoutout to my mamma cause she aint raise no hoe
Positive,positive,negative,positive,Positive,0,shouts out to my down ass bitches who never give a nigga a hard time!
"Assuming skippy and the kats refers to something, and without any further context, its impossible to determine sentiment. However, since theres no inherently negative or positive connotation, I will default to:  **neutral**",positive,positive,positive,Positive,0,skippy and the kats
Positive,positive,not defined,positive,Positive,0,so excited for tomorrow amp saturday amp then just being a lazy bitch on sunday
Negative,positive,positive,positive,Positive,0,thanks  for coming with me last night because its ghetto and no one else could of handled it!
Positive,positive,negative,positive,Positive,0,the only part of the awards that i liked was the dykes part of the cypher amp the old skool female mcs
positive,positive,negative,positive,Positive,0,they hating on you because they know you bad must be doing something right  if you got these bitches mad!
Negative,positive,positive,positive,Positive,0,they make sure they have these reality shows lined up for you hoesthey wont leave you high and dry
Positive,positive,negative,positive,Positive,0,thinking about getting my nips pierced
Positive,positive,negative,positive,Positive,0,this bitch tweets been on point the few minutes i been on
Negative,positive,positive,positive,Positive,0,this fuzzy wuzzy kitten wants to know how a raven is like a writing desk find out why here
Positive,positive,negative,positive,Positive,0,this lit bitch jayonna in the class im an aide in is sooo funny
Positive,positive,negative,positive,Positive,0,to a hood bitch gucci voice is euphoric
Positive,positive,negative,positive,Positive,0,until next time rednecks  ill see you again  @ rednecks with paychecks
Negative,positive,positive,positive,Positive,0,whats retarded is that i actually love my job and have a really weird passion for it
positive,positive,negative,positive,Positive,0,when jake was mad happy and hugged muscle faced renee russo at the end of 1 i was like yeah them bitches bout to win it all!!!
positive,positive,negative,positive,Positive,0,when bae dodges hoes cause he only want you
positive,positive,positive,negative,Positive,0,when you know for a fact you got a woman who loves you other bitches dont even matter
Positive,positive,negative,positive,Positive,0,who ever did the beat on that wayne by chief that bitch a banger
positive,positive,negative,positive,Positive,0,with my best bitches
positive,positive,negative,positive,Positive,0,wiz khalifa was the most influential rapper in my era we seem to forget all the trends this nigguh started
positive,positive,not defined,positive,Positive,0,word up doe! gm rt  good morningits a celebration bitches!
positive,positive,negative,positive,Positive,0,yaaaas bitch yaaaaaas
positive,positive,negative,positive,Positive,0,yas bitches yas
positive,positive,not defined,positive,Positive,0,yasss bitch yass
Positive,positive,negative,positive,Positive,0,yasss bitches im brown
Positive,positive,negative,positive,Positive,0,yes lawd  god took extra time on you  you have lips like kylie jenner bitch im black
positive,positive,negative,positive,Positive,0,yesterday was an all around good day great day saw a lot of people i havent seen in a while and got high as giraffe pussy
Positive,positive,not defined,positive,Positive,0,youre a bad bitch and i want you
Positive,positive,negative,positive,Positive,0,yuh bitch voz de mando at ok was the best mf friday yet
positive,positive,not defined,positive,Positive,0,animal crackers are the fuckin bomb yo
Positive,positive,not defined,positive,Positive,0,bad bitch from lansingshe could be a modelshes a model
positive,positive,negative,positive,Positive,0,cant hate onna bitch getting paid for what she got
Positive,positive,negative,positive,Positive,0,happy birthday to  love ya bitch we were cute back in 2012 and we still are
Positive,positive,negative,positive,Positive,0,happy birthday to my main bitch my ride or die my girlfriend love you so much
Positive,positive,negative,positive,Positive,0,happy birthday to the funniest bitch i know
positive,positive,negative,positive,Positive,0,ion care who my niggas date b if the bitch make you happy and you cool with her then do you
Positive,positive,negative,positive,Positive,0,maddie karissa ireland cierra and i have gotten so close id kill a bitch for them tbh
Positive,positive,negative,positive,Positive,0,one time for the illest bitch alive
positive,positive,negative,positive,Positive,0,the opening to donatella inspires me to wake up and be the baddest bitch i know i can be every day thank you
positive,positive,negative,positive,Positive,0,when yo song come on and you hit the blunt hard af cause that hoe go dat hard
Positive,positive,negative,positive,Positive,0,yeah i got soul i was brought up by colored women
Positive,positive,negative,positive,Positive,0,rt  some species of birds have been known to hold funerals for their deceased
negative,positive,positive,positive,Positive,0,pollo
positive,positive,negative,positive,Positive,0,rt  sexy!!!
negative,positive,positive,positive,Positive,0,üëâ the soles of my louboutins
Negative,positive,positive,positive,Positive,0,i have a reason why i use the dog filter dm if you know why
Positive,positive,positive,negative,Positive,0,should i post my tributes from now on ü§∑üèª‚Äç‚ôÄÔ∏è
Negative,positive,positive,positive,Positive,0,so who‚Äôs up ü§§
positive,positive,negative,positive,positive,0,kiss me babe ‚ù§
Positive,positive,negative,positive,Positive,0,hi baaaaabe
Positive,positive,negative,positive,Positive,0,what do u think about my sister  üòçüî•üçë
I need the statement to analyze it. Please provide the statement.,positive,Positive,positive,Positive,0,name
positive,positive,negative,positive,Positive,0,seriously tho dont let anybody tell u ur ugly u are sick as fuck just the way u are and thats fucking awesome
positive,positive,negative,positive,Positive,0,rt  get you a girl who doesnt take any shit
Positive,positive,negative,positive,Positive,0,rt  lana del rey saying ‚Äúi won‚Äôt not fuck you the fuck up period‚Äù is really the kind of strong bitch spirit magic i need ri‚Ä¶
positive,positive,negative,positive,positive,0,work hard
positive,positive,negative,positive,Positive,0,handle your business
positive,positive,negative,positive,Positive,0,|kid congo and the pink monkey birds at muddy roots 2018|
positive,positive,not defined,positive,Positive,0,how in the fuck did people sleep on observe and report this shit is fucking hilarious
Positive,positive,negative,positive,Positive,0,i liked a  video  oj da juiceman  bird call the realest nigga i know 2
"Since lucci doesnt convey any inherent sentiment, I cannot classify it as positive or negative. Therefore, I will respond with:  neutral",positive,Positive,positive,Positive,0,lucci
positive,positive,not defined,positive,Positive,0,rt  so excited to see  w my best fuckin friendddd  !!!!!! our first concert together  nov 2 bitch h‚Ä¶
positive,positive,negative,positive,Positive,0,rt  whispers i just saw mandy for a second time and it was still fucking good as fuck
positive,positive,negative,positive,Positive,0,adam  on to the next one
negative,positive,Positive,positive,Positive,0,dani amp jack  p‚Ä¶
positive,positive,not defined,positive,Positive,0,rt   it‚Äôs about fuckin time we got queenradio lets gooooo bitch !!! we gone get into some thangs!!!
positive,positive,not defined,positive,Positive,0,rt  the transition makes me wanna fucking scream yall i wanna see abel so mf bad fuck this is just too good
positive,positive,negative,positive,Positive,0,thank fuck proper footy is back up in 6 hours up the fuckin reds!
negative,positive,Positive,positive,Positive,0,rt  silverthroated tanager mexico
Negative,positive,positive,positive,Positive,0,this is oasis a 15yearold damara zebra that lives at the  some say zebras are white because the strip‚Ä¶
positive,positive,negative,positive,Positive,0,rt  the alternative olympics is fucking funny as fuck üòÇüòÇ
Negative,positive,positive,positive,Positive,0,and so is james corden
negative,positive,positive,positive,Positive,0,time for
negative,positive,Positive,positive,Positive,0,dna
Positive,positive,not defined,positive,Positive,0,rt  thingsmyexwasgoodat  licking and fucking my pussy til the sun came up ‚ù§Ô∏è‚ù§Ô∏è‚ù§Ô∏è and he would start all over again
Positive,positive,negative,positive,Positive,0,rt  when you‚Äôve seen federer do that shot between his legs in tennis and you think fuck it i‚Äôll try that next time i go bowl‚Ä¶
positive,positive,not defined,positive,Positive,0,rt    shot of the match was jimmys long red up into yellow pocket in decider remarkable shot under that ki‚Ä¶
Positive,positive,negative,positive,Positive,0,to any bitch that needs it you are too pretty to be begging a nigga to act right
positive,positive,not defined,positive,Positive,0,rt  serena williams went the fuck off omfg i fucking love this woman
Positive,positive,negative,positive,Positive,0,so they started a petition
positive,positive,not defined,positive,Positive,0,dogs fuckin love them loyal as fuck
Negative,positive,positive,positive,Positive,0,have a seat art couch bird birds paint wall table loft artsy losangeles california‚Ä¶
positive,positive,not defined,positive,Positive,0,i don‚Äôt care how old you are pom bears are the fucking nuts
Negative,positive,positive,positive,Positive,0,rt  according to democrats
positive,positive,negative,positive,Positive,0,rt  just realized its leo season god damn what the fuck is up you sexy mother fuckers we got the best fuckin horoscope of all‚Ä¶
Negative,Positive,positive,positive,Positive,0,rt  mack mecca  beef prod by awol  via  shot by
Negative,positive,positive,positive,Positive,0,young mack real raww interview | shot by   via
Positive,positive,not defined,positive,Positive,0,one of the most humble dudes in this industry niggaz don‚Äôt know military mick mane the bigbro
Positive,positive,negative,positive,Positive,0,rt  me and the 2 followers that always fuck with my tweets i hope y‚Äôall niggas having a wonderful day
positive,positive,negative,positive,Positive,0,my lil brother so fucking funny this nigga said he‚Äôll never let a bitch see his dick if he ain‚Äôt hard üòÇ
positive,positive,negative,positive,Positive,0,smile bitch ! im living my best life üòÇ ain‚Äôt going back forth with you niggas
Positive,positive,not defined,positive,Positive,0,rt  me amp sheck w3st bitch ! + young nigga going brazy ! tour! starts today ! rt !!
Negative,positive,positive,positive,Positive,0,rt  yeezy boost 350 v2
Positive,positive,not defined,positive,Positive,0,rt  i ain gonna hold you ‚Äúbeloved‚Äù is it! them niggas really fuckin gave the community a fire rap album!
positive,positive,not defined,positive,Positive,0,if your man is fucking you in doggy style throw that ass and fuck him right back there‚Äôs power in that booty üçë
Positive,positive,negative,positive,Positive,0,rt  if your man is fucking you in doggy style throw that ass and fuck him right back there‚Äôs power in that booty üçë
negative,positive,positive,positive,Positive,0,sketch
negative,positive,positive,positive,Positive,0,‚Ä¢
negative,positive,positive,positive,Positive,0,m o n k e y
negative,positive,positive,positive,Positive,0,hey franklin
negative,positive,positive,positive,Positive,0,when
Positive,positive,negative,positive,Positive,0,rt  6lack‚Äôs album is so vulnerable makes a nigga want to step their communication skills up fuck sending a text i‚Äôm leav‚Ä¶
Negative,positive,positive,positive,Positive,0,rt  don‚Äôt let these niggas forget that fucking with you is a privilegeüíÖüèΩ
negative,positive,positive,positive,Positive,0,rt  redskins sign rb mack brown to practice squad
negative,positive,positive,positive,Positive,0,rt  ‚Äúit‚Äôs the symbolism of what you do in sports basketball football
Positive,positive,not defined,positive,Positive,0,a real nigga gonna teach u something üëåüèæinvest in u üòâhelp u get ur shit together üíØamp help u grow not just fuck on you üíØ‚ò∫Ô∏èü§üüèæüí™üèæüëåüèæ
